elect_dist,republican,democratic,year
23001,967,269,2024
23002,907,259,2024
23003,318,90,2024
23004,826,352,2024
23005,887,310,2024
23006,814,347,2024
23007,846,406,2024
23008,553,415,2024
23009,293,326,2024
23010,729,427,2024
23011,261,580,2024
23012,88,177,2024
23013,248,501,2024
23014,366,306,2024
23015,426,403,2024
23016,221,256,2024
23017,470,182,2024
23018,214,549,2024
23019,13,105,2024
23020,136,778,2024
23021,199,567,2024
23022,34,272,2024
23023,145,145,2024
23024,48,277,2024
23025,332,447,2024
23026,184,260,2024
23027,940,159,2024
23028,239,440,2024
23029,585,159,2024
23030,563,195,2024
23031,362,472,2024
23032,523,495,2024
23033,954,221,2024
23034,778,238,2024
23035,825,164,2024
23036,770,178,2024
23037,642,297,2024
23038,607,221,2024
23039,28,52,2024
23040,260,306,2024
23041,372,316,2024
23042,277,255,2024
23043,2,8,2024
23044,605,537,2024
23045,402,322,2024
23046,457,499,2024
23047,400,343,2024
23048,444,356,2024
23049,468,466,2024
23050,167,170,2024
23051,251,337,2024
23052,157,203,2024
23053,269,383,2024
23054,274,362,2024
23055,137,135,2024
23056,146,152,2024
23057,224,208,2024
23058,380,122,2024
23059,386,100,2024
23060,386,263,2024
23061,6,9,2024
23062,365,425,2024
23063,176,240,2024
23064,89,128,2024
23065,0,0,2024
23066,0,0,2024
23067,1,0,2024
23068,0,0,2024
23069,0,0,2024
23070,0,0,2024
23071,0,0,2024
23072,0,0,2024
24001,112,158,2024
24002,105,218,2024
24003,298,406,2024
24004,221,367,2024
24005,216,392,2024
24006,390,442,2024
24007,242,341,2024
24008,328,452,2024
24009,310,566,2024
24010,195,510,2024
24011,177,326,2024
24012,174,255,2024
24013,266,442,2024
24014,327,389,2024
24015,288,336,2024
24017,26,74,2024
24018,200,252,2024
24019,262,379,2024
24020,72,158,2024
24021,239,262,2024
24022,56,40,2024
24023,190,314,2024
24024,238,210,2024
24025,109,126,2024
24026,169,250,2024
24027,102,175,2024
24028,147,236,2024
24029,265,408,2024
24030,234,278,2024
24031,339,392,2024
24032,262,378,2024
24033,21,14,2024
24034,78,106,2024
24035,117,171,2024
24036,259,494,2024
24037,130,199,2024
24038,268,584,2024
24039,272,409,2024
24040,168,285,2024
24041,182,199,2024
24042,132,303,2024
24043,294,391,2024
24044,121,198,2024
24045,58,94,2024
24046,298,692,2024
24047,275,536,2024
24048,118,190,2024
24049,879,276,2024
24050,244,100,2024
24051,362,560,2024
24052,289,680,2024
24053,151,855,2024
24054,42,121,2024
24055,132,321,2024
24056,191,395,2024
24057,189,322,2024
24058,460,395,2024
24059,355,412,2024
24060,510,618,2024
24061,416,585,2024
24062,453,574,2024
24063,201,268,2024
24064,426,430,2024
24065,270,517,2024
24066,0,0,2024
25001,316,651,2024
25002,253,619,2024
25003,121,95,2024
25004,163,253,2024
25005,283,636,2024
25006,305,281,2024
25007,49,54,2024
25008,18,32,2024
25009,472,324,2024
25010,17,17,2024
25011,436,232,2024
25012,564,408,2024
25013,519,381,2024
25014,510,320,2024
25015,362,260,2024
25016,501,243,2024
25017,463,365,2024
25018,322,458,2024
25019,274,502,2024
25020,248,527,2024
25021,158,223,2024
25022,443,614,2024
25023,248,279,2024
25024,282,317,2024
25025,478,459,2024
25026,489,431,2024
25027,379,497,2024
25028,300,374,2024
25029,472,389,2024
25030,428,335,2024
25031,324,259,2024
25032,346,262,2024
25033,547,358,2024
25034,382,302,2024
25035,376,360,2024
25036,327,308,2024
25037,268,286,2024
25038,322,261,2024
25039,355,230,2024
25040,344,290,2024
25041,237,220,2024
25042,305,333,2024
25043,289,313,2024
25044,266,363,2024
25045,319,351,2024
25046,256,226,2024
25047,173,184,2024
25048,49,103,2024
25049,0,0,2024
25050,0,0,2024
26001,151,178,2024
26002,48,117,2024
26003,93,103,2024
26004,112,159,2024
26005,12,23,2024
26006,296,387,2024
26007,371,510,2024
26008,424,593,2024
26009,164,216,2024
26010,224,730,2024
26011,139,378,2024
26012,493,589,2024
26013,561,463,2024
26014,495,482,2024
26015,455,579,2024
26016,485,511,2024
26017,475,598,2024
26018,295,365,2024
26019,225,206,2024
26020,505,565,2024
26021,543,491,2024
26022,596,462,2024
26023,434,511,2024
26024,487,528,2024
26025,314,339,2024
26026,351,370,2024
26027,72,89,2024
26028,411,378,2024
26029,322,246,2024
26030,5,6,2024
26031,405,483,2024
26032,373,459,2024
26033,491,433,2024
26034,571,493,2024
26035,318,310,2024
26036,464,440,2024
26037,416,317,2024
26038,471,689,2024
26039,284,304,2024
26040,246,318,2024
26041,382,656,2024
26042,366,418,2024
26043,369,580,2024
26044,395,444,2024
26045,533,564,2024
26046,356,361,2024
26047,31,15,2024
26048,434,376,2024
26049,402,298,2024
26050,702,372,2024
26051,245,206,2024
26052,388,327,2024
26053,447,379,2024
26054,482,492,2024
26055,517,482,2024
26056,449,428,2024
26057,428,471,2024
26058,154,148,2024
26059,434,465,2024
26060,349,315,2024
26061,437,493,2024
26062,407,362,2024
26063,0,0,2024
26064,0,0,2024
26065,0,0,2024
26066,0,0,2024
27001,228,139,2024
27002,275,652,2024
27003,309,730,2024
27004,269,741,2024
27005,304,825,2024
27006,209,440,2024
27007,192,66,2024
27008,171,210,2024
27009,376,225,2024
27010,123,229,2024
27011,96,174,2024
27012,299,484,2024
27013,290,327,2024
27014,298,634,2024
27015,318,661,2024
27016,166,337,2024
27017,242,471,2024
27018,106,284,2024
27019,398,390,2024
27020,423,194,2024
27021,497,347,2024
27022,396,503,2024
27023,527,222,2024
27024,404,224,2024
27025,723,215,2024
27026,76,147,2024
27027,857,105,2024
27028,495,337,2024
27029,691,121,2024
27030,294,201,2024
27031,63,9,2024
27032,385,362,2024
27033,467,388,2024
27034,437,344,2024
27035,396,332,2024
27036,468,347,2024
27037,424,357,2024
27038,488,301,2024
27039,598,271,2024
27040,473,401,2024
27041,258,113,2024
27042,949,252,2024
27043,600,325,2024
27044,658,260,2024
27045,666,263,2024
27046,149,45,2024
27047,150,168,2024
27048,554,352,2024
27049,575,356,2024
27050,458,288,2024
27051,393,352,2024
27052,0,0,2024
27053,0,0,2024
27054,0,0,2024
27055,0,0,2024
27056,0,0,2024
27057,0,0,2024
27058,0,0,2024
27059,0,0,2024
27060,0,0,2024
27061,0,0,2024
27062,0,0,2024
27063,0,0,2024
27064,0,0,2024
27065,0,0,2024
27066,0,0,2024
27067,0,0,2024
27068,0,0,2024
28001,104,176,2024
28002,363,836,2024
28003,347,762,2024
28004,305,738,2024
28005,70,80,2024
28006,167,134,2024
28007,405,528,2024
28008,312,586,2024
28009,381,553,2024
28010,323,146,2024
28011,342,276,2024
28012,598,253,2024
28013,335,188,2024
28014,509,308,2024
28015,500,300,2024
28016,1,2,2024
28017,29,12,2024
28018,73,93,2024
28019,203,273,2024
28020,280,402,2024
28021,192,130,2024
28022,653,321,2024
28023,525,201,2024
28024,687,382,2024
28025,794,425,2024
28026,505,348,2024
28027,310,206,2024
28028,182,241,2024
28029,311,587,2024
28030,382,780,2024
28031,231,712,2024
28032,215,750,2024
28033,189,438,2024
28034,247,516,2024
28035,338,864,2024
28036,68,218,2024
28037,333,637,2024
28038,259,561,2024
28039,343,600,2024
28040,396,538,2024
28041,143,233,2024
28042,109,50,2024
28043,577,389,2024
28044,521,262,2024
28045,0,0,2024
28046,410,514,2024
28047,285,358,2024
28048,508,578,2024
28049,233,287,2024
28050,280,563,2024
28051,257,551,2024
28052,198,454,2024
28053,310,687,2024
28054,386,577,2024
28055,330,525,2024
28056,229,460,2024
28057,257,421,2024
28058,450,512,2024
28059,372,305,2024
28060,406,277,2024
28061,512,231,2024
28062,396,642,2024
28063,0,5,2024
28064,58,43,2024
28065,169,166,2024
28066,423,262,2024
28067,103,67,2024
28068,124,76,2024
28069,55,130,2024
28070,2,14,2024
28071,50,86,2024
28072,0,0,2024
28073,0,0,2024
29001,85,853,2024
29002,80,817,2024
29003,83,783,2024
29004,80,797,2024
29005,93,773,2024
29006,108,761,2024
29007,85,585,2024
29008,57,562,2024
29009,40,483,2024
29010,56,981,2024
29011,56,866,2024
29012,74,837,2024
29013,58,879,2024
29014,78,806,2024
29015,11,116,2024
29016,13,175,2024
29017,64,509,2024
29018,71,875,2024
29019,65,847,2024
29020,46,665,2024
29021,67,841,2024
29022,40,742,2024
29023,58,927,2024
29024,3,77,2024
29025,71,740,2024
29026,17,156,2024
29027,70,816,2024
29028,63,808,2024
29029,107,892,2024
29030,102,816,2024
29031,43,522,2024
29032,40,404,2024
29033,48,428,2024
29034,66,733,2024
29035,77,527,2024
29036,68,639,2024
29037,51,679,2024
29038,58,592,2024
29039,124,678,2024
29040,98,671,2024
29041,142,569,2024
29042,35,46,2024
29043,177,342,2024
29044,187,298,2024
29045,237,539,2024
29046,101,251,2024
29047,105,194,2024
29048,241,472,2024
29049,60,158,2024
29050,232,679,2024
29051,273,556,2024
29052,109,229,2024
29053,185,286,2024
29054,261,333,2024
29055,221,368,2024
29056,137,560,2024
29057,63,276,2024
29058,240,612,2024
29059,119,258,2024
29060,251,520,2024
29061,5,53,2024
29062,0,2,2024
29063,176,241,2024
29064,1,71,2024
29065,133,271,2024
30001,4,4,2024
30002,83,73,2024
30003,44,100,2024
30004,218,311,2024
30005,603,422,2024
30006,619,439,2024
30007,212,187,2024
30008,468,324,2024
30009,251,242,2024
30010,537,357,2024
30011,273,303,2024
30012,118,178,2024
30013,415,562,2024
30014,46,80,2024
30015,56,56,2024
30016,374,403,2024
30017,147,111,2024
30018,35,105,2024
30019,188,312,2024
30020,191,283,2024
30021,358,524,2024
30022,334,552,2024
30023,208,280,2024
30024,368,530,2024
30025,330,430,2024
30026,0,1,2024
30027,380,344,2024
30028,115,138,2024
30029,9,15,2024
30030,402,454,2024
30031,304,406,2024
30032,47,37,2024
30033,200,304,2024
30034,186,175,2024
30035,284,485,2024
30036,382,445,2024
30037,266,289,2024
30038,275,314,2024
30039,290,326,2024
30040,314,483,2024
30041,350,463,2024
30042,179,326,2024
30043,141,251,2024
30044,53,77,2024
30045,203,346,2024
30046,309,398,2024
30047,65,147,2024
30048,178,232,2024
30049,272,434,2024
30050,302,388,2024
30051,246,383,2024
30052,150,235,2024
30053,213,277,2024
30054,137,200,2024
30055,243,313,2024
30056,246,357,2024
30057,0,0,2024
30058,0,0,2024
30059,0,0,2024
30060,47,69,2024
31001,122,672,2024
31002,147,501,2024
31003,84,440,2024
31004,115,502,2024
31005,80,592,2024
31006,76,383,2024
31007,57,240,2024
31008,112,662,2024
31009,50,315,2024
31010,92,354,2024
31011,104,430,2024
31012,70,560,2024
31013,36,246,2024
31014,65,549,2024
31015,131,753,2024
31016,168,557,2024
31017,4,11,2024
31018,65,310,2024
31019,8,18,2024
31020,141,713,2024
31021,344,462,2024
31022,66,569,2024
31023,67,817,2024
31024,51,254,2024
31025,82,683,2024
31026,66,714,2024
31027,60,764,2024
31028,53,646,2024
31029,53,599,2024
31030,35,326,2024
31031,46,408,2024
31032,76,747,2024
31033,109,210,2024
31034,88,640,2024
31035,36,522,2024
31036,22,168,2024
31037,128,615,2024
31038,125,372,2024
31039,97,281,2024
31040,1,4,2024
31041,170,478,2024
31042,93,150,2024
31043,243,437,2024
31044,198,362,2024
31045,222,443,2024
31046,180,419,2024
31047,100,153,2024
31048,95,190,2024
31049,19,56,2024
31050,210,387,2024
31051,191,367,2024
31052,180,340,2024
31053,189,312,2024
31054,160,522,2024
31055,193,423,2024
31056,191,428,2024
31057,377,484,2024
31058,347,496,2024
31059,0,0,2024
31060,0,0,2024
31061,0,0,2024
31062,0,0,2024
31063,0,0,2024
31064,0,0,2024
32001,29,47,2024
32002,47,82,2024
32003,225,484,2024
32004,147,263,2024
32005,165,489,2024
32006,9,15,2024
32007,161,522,2024
32008,307,371,2024
32009,174,392,2024
32010,125,255,2024
32011,9,43,2024
32012,91,385,2024
32013,5,40,2024
32014,10,48,2024
32015,298,350,2024
32016,18,132,2024
32017,164,412,2024
32018,44,123,2024
32019,178,420,2024
32020,134,422,2024
32021,150,596,2024
32022,175,649,2024
32023,113,497,2024
32024,98,455,2024
32025,98,521,2024
32026,175,609,2024
32027,127,598,2024
32028,106,556,2024
32029,62,386,2024
32030,98,443,2024
32031,67,467,2024
32032,101,552,2024
32033,12,215,2024
32034,60,695,2024
32035,34,269,2024
32036,49,425,2024
32037,139,700,2024
32038,116,543,2024
32039,109,494,2024
32040,78,470,2024
32041,47,345,2024
32042,103,561,2024
32043,156,622,2024
32044,31,387,2024
32045,113,391,2024
32046,71,476,2024
32047,41,536,2024
32048,68,695,2024
32049,40,444,2024
32050,86,695,2024
32051,74,722,2024
32052,0,3,2024
32053,43,901,2024
32054,46,797,2024
32055,35,552,2024
32056,50,498,2024
32057,37,552,2024
32058,29,540,2024
32059,28,516,2024
32060,32,548,2024
32061,27,541,2024
32062,50,549,2024
32063,55,416,2024
32064,52,454,2024
32065,78,539,2024
32066,24,147,2024
32067,112,490,2024
32068,110,418,2024
32069,0,0,2024
33001,495,441,2024
33002,504,506,2024
33003,445,443,2024
33004,412,406,2024
33005,341,405,2024
33006,533,468,2024
33007,308,372,2024
33008,469,467,2024
33009,408,419,2024
33010,279,432,2024
33011,174,294,2024
33012,209,506,2024
33013,23,72,2024
33014,243,347,2024
33015,168,380,2024
33016,294,446,2024
33017,310,584,2024
33018,211,481,2024
33019,186,383,2024
33020,246,436,2024
33021,257,589,2024
33022,99,250,2024
33023,247,667,2024
33024,43,107,2024
33025,81,242,2024
33026,33,84,2024
33027,92,438,2024
33028,36,174,2024
33029,130,705,2024
33030,108,817,2024
33031,73,671,2024
33032,81,874,2024
33033,37,533,2024
33034,69,779,2024
33035,51,905,2024
33036,53,848,2024
33037,57,825,2024
33038,58,697,2024
33039,56,612,2024
33040,40,545,2024
33041,40,462,2024
33042,75,739,2024
33043,27,421,2024
33044,70,871,2024
33045,56,705,2024
33046,86,872,2024
33047,59,687,2024
33048,56,695,2024
33049,37,346,2024
33050,83,801,2024
33051,121,827,2024
33052,112,838,2024
33053,83,637,2024
33054,75,583,2024
33055,103,568,2024
33056,91,795,2024
33057,76,564,2024
33058,125,609,2024
33059,43,387,2024
33060,86,600,2024
33061,111,634,2024
33062,34,367,2024
33063,73,413,2024
33064,2,3,2024
33065,113,642,2024
34001,359,641,2024
34002,120,100,2024
34003,224,393,2024
34004,177,519,2024
34005,162,371,2024
34006,35,33,2024
34007,238,563,2024
34008,298,647,2024
34009,301,466,2024
34010,357,370,2024
34011,183,220,2024
34012,316,829,2024
34013,367,819,2024
34014,397,659,2024
34015,218,169,2024
34016,181,168,2024
34017,337,506,2024
34018,261,506,2024
34019,311,668,2024
34020,348,683,2024
34021,141,507,2024
34022,119,225,2024
34023,112,233,2024
34024,288,563,2024
34025,324,596,2024
34026,0,1,2024
34027,322,297,2024
34028,209,208,2024
34029,236,240,2024
34030,294,280,2024
34031,366,382,2024
34032,237,258,2024
34033,155,185,2024
34034,239,377,2024
34035,234,227,2024
34036,365,430,2024
34037,164,195,2024
34038,53,95,2024
34039,283,488,2024
34040,376,548,2024
34041,289,557,2024
34042,240,353,2024
34043,270,378,2024
34044,356,421,2024
34045,188,222,2024
34046,334,569,2024
34047,307,461,2024
34048,159,344,2024
34049,129,280,2024
34050,61,80,2024
34051,318,450,2024
34052,368,523,2024
34053,9,17,2024
34054,280,259,2024
34055,110,109,2024
34056,364,297,2024
34057,0,0,2024
34058,0,0,2024
34059,0,0,2024
34060,66,68,2024
34061,34,27,2024
35001,378,313,2024
35002,217,228,2024
35003,196,232,2024
35004,170,317,2024
35005,198,361,2024
35006,227,412,2024
35007,314,579,2024
35008,246,578,2024
35009,430,350,2024
35010,134,217,2024
35011,182,250,2024
35012,274,403,2024
35013,288,343,2024
35014,258,416,2024
35015,256,381,2024
35016,227,486,2024
35017,311,296,2024
35018,239,177,2024
35019,183,201,2024
35020,126,132,2024
35021,79,124,2024
35022,330,294,2024
35023,191,244,2024
35024,216,304,2024
35025,189,424,2024
35026,226,442,2024
35027,94,121,2024
35028,50,62,2024
35029,139,249,2024
35030,278,460,2024
35031,324,206,2024
35032,174,435,2024
35033,168,511,2024
35034,193,420,2024
35035,172,437,2024
35036,202,452,2024
35037,158,243,2024
35038,328,329,2024
35039,423,400,2024
35040,345,328,2024
35041,455,346,2024
35042,521,345,2024
35043,195,130,2024
35044,112,235,2024
35045,327,155,2024
35046,183,277,2024
35047,0,0,2024
35048,61,71,2024
35049,396,284,2024
35050,0,0,2024
35051,0,0,2024
35052,0,0,2024
35053,0,0,2024
35054,0,0,2024
35055,0,0,2024
35056,0,0,2024
35057,0,0,2024
35058,0,0,2024
35059,0,0,2024
35060,0,0,2024
35061,0,0,2024
35062,0,0,2024
35063,0,0,2024
35064,0,0,2024
35065,0,0,2024
36001,305,418,2024
36002,82,282,2024
36003,404,711,2024
36004,238,486,2024
36005,352,740,2024
36006,100,458,2024
36007,160,648,2024
36008,232,497,2024
36009,143,444,2024
36010,251,746,2024
36011,101,337,2024
36012,151,555,2024
36013,237,601,2024
36014,267,645,2024
36015,63,276,2024
36016,170,553,2024
36017,225,697,2024
36018,108,356,2024
36019,178,755,2024
36020,209,764,2024
36021,185,684,2024
36022,216,776,2024
36023,224,672,2024
36024,194,478,2024
36025,243,760,2024
36026,141,440,2024
36027,75,214,2024
36028,306,698,2024
36029,41,104,2024
36030,140,352,2024
36031,137,415,2024
36032,142,523,2024
36033,30,54,2024
36034,24,49,2024
36035,111,725,2024
36036,203,994,2024
36037,63,490,2024
36038,176,431,2024
36039,147,442,2024
36040,166,474,2024
36041,166,821,2024
36042,111,537,2024
36043,219,572,2024
36044,213,682,2024
36045,128,325,2024
36046,176,542,2024
36047,146,473,2024
36048,52,123,2024
36049,15,43,2024
36050,36,55,2024
36051,127,208,2024
36052,70,147,2024
36053,56,223,2024
36054,172,599,2024
36055,234,625,2024
36056,288,858,2024
36057,199,664,2024
36058,108,415,2024
36059,147,511,2024
36060,157,410,2024
36061,181,460,2024
36062,185,648,2024
36063,245,778,2024
36064,150,335,2024
36065,258,668,2024
36066,26,101,2024
36067,13,55,2024
36068,0,0,2024
36069,0,0,2024
36070,0,0,2024
37001,122,784,2024
37002,154,951,2024
37003,154,915,2024
37004,109,504,2024
37005,87,583,2024
37006,167,893,2024
37007,123,741,2024
37008,192,1050,2024
37009,51,391,2024
37010,3,12,2024
37011,129,92,2024
37012,177,563,2024
37013,38,52,2024
37014,299,519,2024
37015,105,135,2024
37016,183,236,2024
37017,308,334,2024
37018,303,414,2024
37019,251,510,2024
37020,220,555,2024
37021,189,597,2024
37022,245,656,2024
37023,156,481,2024
37024,282,607,2024
37025,149,509,2024
37026,204,494,2024
37027,265,702,2024
37028,240,716,2024
37029,213,538,2024
37030,301,545,2024
37031,275,559,2024
37032,105,250,2024
37033,156,408,2024
37034,8,12,2024
37035,190,803,2024
37036,380,900,2024
37037,119,287,2024
37038,0,1,2024
37039,508,228,2024
37040,609,289,2024
37041,15,25,2024
37042,0,1,2024
37043,405,488,2024
37044,224,354,2024
37045,28,27,2024
37046,76,38,2024
37047,550,407,2024
37048,481,341,2024
37049,230,142,2024
37050,460,300,2024
37051,491,331,2024
37052,397,433,2024
37053,385,432,2024
37054,253,441,2024
37055,180,315,2024
37056,172,405,2024
37057,219,384,2024
37058,161,228,2024
37059,105,304,2024
37060,77,214,2024
37061,170,324,2024
37062,152,199,2024
37063,311,628,2024
37064,200,431,2024
37065,172,436,2024
37066,0,0,2024
37067,0,0,2024
37068,0,0,2024
37069,0,0,2024
37070,0,0,2024
37071,0,0,2024
38001,201,473,2024
38002,235,558,2024
38003,185,557,2024
38004,147,561,2024
38005,92,157,2024
38006,288,513,2024
38007,267,648,2024
38008,3,1,2024
38009,427,455,2024
38010,368,443,2024
38011,392,315,2024
38012,412,396,2024
38013,149,121,2024
38014,588,423,2024
38015,580,384,2024
38016,55,43,2024
38017,532,411,2024
38018,203,239,2024
38019,302,353,2024
38020,378,457,2024
38021,271,352,2024
38022,84,162,2024
38023,211,341,2024
38024,270,360,2024
38025,115,214,2024
38026,308,378,2024
38027,136,136,2024
38028,345,430,2024
38029,258,312,2024
38030,323,410,2024
38031,143,228,2024
38032,381,444,2024
38033,370,439,2024
38034,303,442,2024
38035,284,370,2024
38036,227,331,2024
38037,290,352,2024
38038,183,214,2024
38039,228,259,2024
38040,154,188,2024
38041,197,224,2024
38042,63,134,2024
38043,1,9,2024
38044,82,244,2024
38045,132,194,2024
38046,384,488,2024
38047,378,491,2024
38048,364,464,2024
38049,77,126,2024
38050,295,378,2024
38051,282,438,2024
38052,99,91,2024
38053,374,301,2024
38054,0,0,2024
39001,303,679,2024
39002,166,773,2024
39003,277,604,2024
39004,110,303,2024
39005,230,532,2024
39006,191,840,2024
39007,322,651,2024
39008,323,713,2024
39009,97,305,2024
39010,116,172,2024
39011,25,17,2024
39012,179,252,2024
39013,139,160,2024
39014,228,262,2024
39015,375,370,2024
39016,24,41,2024
39017,127,187,2024
39018,299,408,2024
39019,351,407,2024
39020,69,113,2024
39021,185,213,2024
39022,246,309,2024
39023,235,222,2024
39024,113,99,2024
39025,174,220,2024
39026,303,305,2024
39027,74,73,2024
39028,576,374,2024
39029,174,157,2024
39030,327,301,2024
39031,257,258,2024
39032,393,367,2024
39033,315,242,2024
39034,300,331,2024
39035,321,322,2024
39036,216,218,2024
39037,124,185,2024
39038,154,165,2024
39039,275,302,2024
39040,30,35,2024
39041,341,410,2024
39042,200,210,2024
39043,206,165,2024
39044,266,255,2024
39045,289,288,2024
39046,569,397,2024
39047,294,216,2024
39048,91,188,2024
39049,267,317,2024
39050,70,96,2024
39051,460,219,2024
39052,97,99,2024
39053,24,23,2024
39054,86,81,2024
39055,38,31,2024
40001,376,333,2024
40002,205,165,2024
40003,173,192,2024
40004,288,292,2024
40005,234,210,2024
40006,176,135,2024
40007,285,342,2024
40008,381,333,2024
40009,330,377,2024
40010,197,207,2024
40011,225,287,2024
40012,341,291,2024
40013,128,152,2024
40014,106,197,2024
40015,220,187,2024
40016,271,292,2024
40017,147,178,2024
40018,294,235,2024
40019,265,251,2024
40020,347,355,2024
40021,279,351,2024
40022,147,151,2024
40023,331,394,2024
40024,192,245,2024
40025,1,0,2024
40026,279,437,2024
40027,435,388,2024
40028,503,502,2024
40029,306,369,2024
40030,210,357,2024
40031,225,286,2024
40032,189,176,2024
40033,258,294,2024
40034,187,202,2024
40035,142,87,2024
40036,24,29,2024
40037,556,322,2024
40038,398,208,2024
40039,235,150,2024
40040,434,210,2024
40041,497,271,2024
40042,7,10,2024
40043,331,291,2024
40044,135,133,2024
40045,292,244,2024
40046,149,141,2024
40047,675,287,2024
40048,79,66,2024
40049,0,0,2024
41001,67,766,2024
41002,53,673,2024
41003,29,439,2024
41004,48,717,2024
41005,53,543,2024
41006,54,595,2024
41007,75,699,2024
41008,60,576,2024
41009,34,649,2024
41010,40,486,2024
41011,43,569,2024
41012,215,247,2024
41013,78,365,2024
41014,628,107,2024
41015,135,125,2024
41016,182,299,2024
41017,88,472,2024
41018,56,496,2024
41019,121,549,2024
41020,141,62,2024
41021,167,114,2024
41022,725,285,2024
41023,568,141,2024
41024,526,226,2024
41025,499,232,2024
41026,620,277,2024
41027,527,285,2024
41028,450,176,2024
41029,524,102,2024
41030,545,113,2024
41031,315,115,2024
41032,265,488,2024
41033,594,287,2024
41034,705,310,2024
41035,588,126,2024
41036,295,113,2024
41037,323,151,2024
41038,102,69,2024
41039,277,112,2024
41040,372,213,2024
41041,731,150,2024
41042,445,222,2024
41043,413,235,2024
41044,335,194,2024
41045,448,321,2024
41046,330,179,2024
41047,289,242,2024
41048,295,280,2024
41049,145,414,2024
41050,139,351,2024
41051,79,237,2024
41052,601,441,2024
41053,120,131,2024
41054,106,79,2024
41055,397,240,2024
41056,377,201,2024
41057,350,156,2024
41058,533,255,2024
41059,214,95,2024
41060,297,111,2024
41061,454,202,2024
41062,0,0,2024
41063,686,259,2024
41064,535,223,2024
41065,187,63,2024
41066,348,159,2024
41067,328,135,2024
41068,92,103,2024
41069,159,53,2024
41070,226,62,2024
41071,508,93,2024
41072,0,0,2024
41073,0,0,2024
41074,0,0,2024
42001,11,35,2024
42002,39,567,2024
42003,33,738,2024
42004,44,675,2024
42005,69,657,2024
42006,119,758,2024
42007,73,844,2024
42008,46,411,2024
42009,52,724,2024
42010,70,794,2024
42011,66,764,2024
42012,52,727,2024
42013,62,812,2024
42014,61,635,2024
42015,52,744,2024
42016,53,644,2024
42017,50,691,2024
42018,48,525,2024
42019,83,740,2024
42020,43,732,2024
42021,64,665,2024
42022,94,647,2024
42023,78,697,2024
42024,54,712,2024
42025,36,628,2024
42026,26,596,2024
42027,23,182,2024
42028,1,37,2024
42029,52,709,2024
42030,42,434,2024
42031,44,570,2024
42032,26,549,2024
42033,40,547,2024
42034,31,397,2024
42035,39,627,2024
42036,41,646,2024
42037,55,725,2024
42038,56,718,2024
42039,43,685,2024
42040,66,570,2024
42041,117,691,2024
42042,56,522,2024
42043,66,709,2024
42044,48,506,2024
42045,39,456,2024
42046,46,440,2024
42047,57,655,2024
42048,76,12,2024
42049,232,518,2024
42050,49,640,2024
42051,50,423,2024
42052,496,100,2024
42053,315,408,2024
42054,811,36,2024
42055,314,342,2024
42056,366,175,2024
42057,225,10,2024
42058,653,206,2024
42059,493,50,2024
42060,85,362,2024
42061,69,803,2024
42062,0,0,2024
43001,18,667,2024
43002,39,734,2024
43003,25,634,2024
43004,39,764,2024
43005,16,492,2024
43006,44,590,2024
43007,57,679,2024
43008,21,499,2024
43009,25,380,2024
43010,32,748,2024
43011,28,581,2024
43012,56,457,2024
43013,211,568,2024
43014,88,447,2024
43015,152,453,2024
43016,63,612,2024
43017,61,456,2024
43018,42,714,2024
43019,145,639,2024
43020,472,365,2024
43021,438,201,2024
43022,487,344,2024
43023,123,606,2024
43024,238,323,2024
43025,198,382,2024
43026,371,94,2024
43027,459,361,2024
43028,348,118,2024
43029,177,544,2024
43030,261,648,2024
43031,30,785,2024
43032,33,638,2024
43033,70,754,2024
43034,163,576,2024
43035,152,663,2024
43036,21,741,2024
43037,36,867,2024
43038,20,780,2024
43039,30,679,2024
43040,37,718,2024
43041,54,793,2024
43042,33,680,2024
43043,338,491,2024
43044,211,517,2024
43045,217,550,2024
43046,178,312,2024
43047,115,776,2024
43048,15,104,2024
43049,77,485,2024
43050,70,357,2024
43051,91,374,2024
43052,73,622,2024
43053,53,750,2024
43054,48,807,2024
43055,26,586,2024
43056,38,805,2024
43057,41,884,2024
43058,35,670,2024
43059,34,833,2024
43060,31,704,2024
43061,36,670,2024
43062,31,464,2024
43063,29,596,2024
43064,58,821,2024
43065,37,638,2024
43066,48,708,2024
43067,45,840,2024
43068,26,303,2024
44001,44,843,2024
44002,211,584,2024
44003,11,188,2024
44004,41,579,2024
44005,15,240,2024
44006,85,1360,2024
44007,24,878,2024
44008,28,741,2024
44009,51,763,2024
44010,11,481,2024
44011,15,414,2024
44012,25,596,2024
44013,14,299,2024
44014,23,643,2024
44015,6,236,2024
44016,38,1215,2024
44017,65,1007,2024
44018,76,726,2024
44019,42,501,2024
44020,22,389,2024
44021,84,607,2024
44022,46,598,2024
44023,43,932,2024
44024,80,756,2024
44025,62,916,2024
44026,41,620,2024
44027,60,720,2024
44028,39,752,2024
44029,63,804,2024
44030,54,717,2024
44031,92,826,2024
44032,92,830,2024
44033,129,810,2024
44034,56,456,2024
44035,88,491,2024
44036,149,834,2024
44037,131,774,2024
44038,117,812,2024
44039,90,734,2024
44040,108,513,2024
44041,119,604,2024
44042,226,146,2024
44043,155,542,2024
44044,174,246,2024
44045,115,672,2024
44046,177,691,2024
44047,173,333,2024
44048,351,321,2024
44049,268,49,2024
44050,273,35,2024
44051,354,24,2024
44052,60,46,2024
44053,387,223,2024
44054,58,601,2024
44055,50,200,2024
44056,146,627,2024
44057,313,353,2024
44058,224,353,2024
44059,212,300,2024
44060,109,172,2024
44061,141,948,2024
44062,64,704,2024
44063,195,589,2024
44064,257,583,2024
44065,56,560,2024
44066,336,536,2024
44067,93,300,2024
44068,55,336,2024
44069,408,354,2024
44070,108,282,2024
44071,183,266,2024
44072,230,333,2024
44073,18,180,2024
44074,85,455,2024
44075,5,3,2024
44076,150,242,2024
44077,10,153,2024
44078,114,301,2024
44079,0,0,2024
44080,0,0,2024
44081,0,0,2024
44082,2,250,2024
44083,6,279,2024
44084,13,431,2024
44085,13,247,2024
44086,0,0,2024
44087,7,17,2024
44088,141,232,2024
44089,35,155,2024
45001,527,139,2024
45002,693,143,2024
45003,636,224,2024
45004,504,222,2024
45005,478,216,2024
45006,456,217,2024
45007,694,106,2024
45008,657,53,2024
45009,591,154,2024
45010,593,50,2024
45011,527,52,2024
45012,93,34,2024
45013,351,44,2024
45014,466,86,2024
45015,506,82,2024
45016,893,95,2024
45017,559,102,2024
45018,67,23,2024
45019,160,79,2024
45020,643,168,2024
45021,108,56,2024
45022,177,79,2024
45023,186,286,2024
45024,192,294,2024
45025,387,35,2024
45026,405,29,2024
45027,364,174,2024
45028,655,143,2024
45029,510,75,2024
45030,413,173,2024
45031,281,242,2024
45032,749,179,2024
45033,512,79,2024
45034,509,188,2024
45035,370,86,2024
45036,699,289,2024
45037,405,300,2024
45038,290,87,2024
45039,53,24,2024
45040,465,191,2024
45041,672,266,2024
45042,473,236,2024
45043,541,196,2024
45044,485,221,2024
45045,599,208,2024
45046,290,223,2024
45047,491,226,2024
45048,376,203,2024
45049,753,95,2024
45050,366,158,2024
45051,621,154,2024
45052,335,130,2024
45053,184,121,2024
45054,54,32,2024
45055,29,9,2024
45056,0,0,2024
46001,267,341,2024
46002,207,359,2024
46003,234,496,2024
46004,246,441,2024
46005,367,435,2024
46006,436,395,2024
46007,381,392,2024
46008,263,379,2024
46009,152,296,2024
46010,320,481,2024
46011,81,125,2024
46012,422,564,2024
46013,405,523,2024
46014,379,531,2024
46015,182,193,2024
46016,314,453,2024
46017,118,178,2024
46018,148,211,2024
46019,414,474,2024
46020,417,531,2024
46021,63,94,2024
46022,370,357,2024
46023,493,219,2024
46024,580,149,2024
46025,471,197,2024
46026,547,283,2024
46027,370,439,2024
46028,445,203,2024
46029,65,78,2024
46030,81,45,2024
46031,216,137,2024
46032,122,75,2024
46033,62,41,2024
46034,317,173,2024
46035,232,67,2024
46036,355,161,2024
46037,0,1,2024
46038,444,188,2024
46039,432,238,2024
46040,531,255,2024
46041,165,353,2024
46042,136,352,2024
46043,128,311,2024
46044,155,221,2024
46045,159,221,2024
46046,134,307,2024
46047,202,357,2024
46048,132,359,2024
46049,168,125,2024
46050,124,414,2024
46051,90,274,2024
46052,141,278,2024
46053,215,390,2024
46054,450,70,2024
46055,653,117,2024
46056,651,202,2024
46057,398,116,2024
46058,399,114,2024
46059,432,90,2024
46060,359,92,2024
46061,698,280,2024
46062,356,128,2024
46063,396,92,2024
46064,379,67,2024
46065,354,94,2024
46066,476,154,2024
46067,431,84,2024
46068,447,174,2024
46069,186,177,2024
46070,336,188,2024
46071,440,234,2024
46072,1,0,2024
46073,345,86,2024
46074,0,0,2024
46075,0,0,2024
46076,0,0,2024
46077,0,0,2024
46078,0,0,2024
47001,207,118,2024
47002,505,292,2024
47003,246,125,2024
47004,337,237,2024
47005,409,301,2024
47006,136,137,2024
47007,357,182,2024
47008,150,121,2024
47009,349,211,2024
47010,294,151,2024
47011,331,240,2024
47012,429,277,2024
47013,273,179,2024
47014,556,329,2024
47015,69,21,2024
47016,90,46,2024
47017,61,28,2024
47018,184,135,2024
47019,244,171,2024
47020,202,161,2024
47021,306,235,2024
47022,300,154,2024
47023,429,321,2024
47024,306,192,2024
47025,347,218,2024
47026,377,200,2024
47027,610,289,2024
47028,180,110,2024
47029,320,215,2024
47030,47,14,2024
47031,76,23,2024
47032,244,157,2024
47033,468,241,2024
47034,341,221,2024
47035,356,197,2024
47036,350,177,2024
47037,338,205,2024
47038,336,205,2024
47039,328,164,2024
47040,120,57,2024
47041,158,70,2024
47042,147,385,2024
47043,496,285,2024
47044,588,262,2024
47045,587,288,2024
47046,374,226,2024
47047,434,266,2024
47048,98,75,2024
47049,505,245,2024
47050,600,269,2024
47051,59,42,2024
47052,215,112,2024
47053,234,181,2024
47054,353,204,2024
47055,46,27,2024
47056,42,28,2024
47057,232,115,2024
47058,171,117,2024
47059,213,121,2024
47060,102,52,2024
47061,0,0,2024
48001,199,36,2024
48002,546,47,2024
48003,614,24,2024
48004,738,56,2024
48005,377,107,2024
48006,808,123,2024
48007,771,13,2024
48008,718,54,2024
48009,558,16,2024
48010,653,97,2024
48011,356,2,2024
48012,414,12,2024
48013,671,81,2024
48014,236,111,2024
48015,567,243,2024
48016,629,200,2024
48017,6,10,2024
48018,51,1,2024
48019,414,171,2024
48020,336,163,2024
48021,130,96,2024
48022,111,18,2024
48023,452,276,2024
48024,289,244,2024
48025,504,218,2024
48026,715,76,2024
48027,428,134,2024
48028,453,96,2024
48029,499,126,2024
48030,490,61,2024
48031,52,43,2024
48032,471,33,2024
48033,484,167,2024
48034,79,71,2024
48035,518,138,2024
48036,247,109,2024
48037,438,38,2024
48038,750,117,2024
48039,718,97,2024
48040,882,55,2024
48041,762,37,2024
48042,748,15,2024
48043,559,52,2024
48044,509,20,2024
48045,735,68,2024
48046,680,51,2024
48047,770,44,2024
48048,647,72,2024
48049,642,39,2024
48050,513,20,2024
48051,538,16,2024
48052,347,65,2024
48053,410,3,2024
48054,0,0,2024
48055,253,44,2024
48056,32,7,2024
48057,171,14,2024
49001,5,2,2024
49002,43,36,2024
49003,32,31,2024
49004,118,124,2024
49005,108,107,2024
49006,205,154,2024
49007,242,129,2024
49008,197,170,2024
49009,186,175,2024
49010,170,148,2024
49011,200,154,2024
49012,196,157,2024
49013,25,29,2024
49014,116,85,2024
49015,251,151,2024
49016,278,227,2024
49017,384,269,2024
49018,279,210,2024
49019,162,130,2024
49020,196,67,2024
49021,270,101,2024
49022,236,126,2024
49023,263,181,2024
49024,362,207,2024
49025,357,229,2024
49026,354,217,2024
49027,395,232,2024
49028,300,163,2024
49029,254,139,2024
49030,319,259,2024
49031,420,252,2024
49032,418,246,2024
49033,457,250,2024
49034,167,159,2024
49035,427,256,2024
49036,411,195,2024
49037,487,255,2024
49038,245,169,2024
49039,449,310,2024
49040,415,231,2024
49041,521,303,2024
49042,262,178,2024
49043,281,177,2024
49044,126,90,2024
49045,98,113,2024
49046,4,6,2024
49047,229,157,2024
49048,65,24,2024
49049,85,50,2024
49050,271,176,2024
49051,249,91,2024
49052,96,94,2024
49053,164,166,2024
49054,0,0,2024
49055,0,0,2024
49056,0,0,2024
50001,208,1417,2024
50002,122,638,2024
50003,111,659,2024
50004,117,736,2024
50005,138,731,2024
50006,126,583,2024
50007,115,634,2024
50008,154,869,2024
50009,0,6,2024
50010,69,326,2024
50011,123,474,2024
50012,64,515,2024
50013,107,543,2024
50014,140,725,2024
50015,120,579,2024
50016,183,640,2024
50017,221,709,2024
50018,169,583,2024
50019,230,654,2024
50020,169,740,2024
50021,145,652,2024
50022,78,695,2024
50023,64,706,2024
50024,114,1139,2024
50025,64,566,2024
50026,101,918,2024
50027,136,933,2024
50028,44,308,2024
50029,175,828,2024
50030,82,720,2024
50031,40,383,2024
50032,137,387,2024
50033,333,399,2024
50034,361,448,2024
50035,362,227,2024
50036,215,162,2024
50037,447,163,2024
50038,233,280,2024
50039,264,62,2024
50040,347,145,2024
50041,220,206,2024
50042,303,81,2024
50043,330,26,2024
50044,464,101,2024
50045,495,41,2024
50046,483,73,2024
50047,364,15,2024
50048,362,24,2024
50049,310,26,2024
50050,168,476,2024
50051,79,573,2024
50052,79,623,2024
50053,99,642,2024
50054,33,391,2024
50055,35,233,2024
50056,79,804,2024
50057,96,849,2024
50058,128,677,2024
50059,133,723,2024
50060,133,573,2024
50061,100,766,2024
50062,91,629,2024
50063,86,572,2024
50064,0,6,2024
50065,43,373,2024
50066,0,0,2024
50067,0,0,2024
51001,175,276,2024
51002,189,244,2024
51003,197,162,2024
51004,196,161,2024
51005,150,167,2024
51006,180,371,2024
51007,174,346,2024
51008,175,359,2024
51009,223,315,2024
51010,163,166,2024
51011,182,386,2024
51012,177,226,2024
51013,176,387,2024
51014,185,391,2024
51015,207,382,2024
51016,238,408,2024
51017,163,391,2024
51018,178,555,2024
51019,177,473,2024
51020,138,402,2024
51021,194,698,2024
51022,156,755,2024
51023,65,473,2024
51024,106,636,2024
51025,22,453,2024
51026,58,668,2024
51027,18,200,2024
51028,95,979,2024
51029,111,1010,2024
51030,12,223,2024
51031,95,106,2024
51032,21,159,2024
51033,46,596,2024
51034,91,472,2024
51035,50,339,2024
51036,68,439,2024
51037,79,384,2024
51038,57,314,2024
51039,0,5,2024
51040,82,551,2024
51041,53,478,2024
51042,72,692,2024
51043,7,8,2024
51044,210,635,2024
51045,193,406,2024
51046,171,312,2024
51047,90,129,2024
51048,118,150,2024
51049,132,181,2024
51050,70,48,2024
51051,69,34,2024
51052,296,361,2024
51053,373,146,2024
51054,229,389,2024
51055,2,7,2024
51056,54,78,2024
51057,0,0,2024
52001,329,14,2024
52002,75,610,2024
52003,11,123,2024
52004,0,1,2024
52005,47,489,2024
52006,133,886,2024
52007,76,759,2024
52008,66,634,2024
52009,84,705,2024
52010,95,851,2024
52011,59,721,2024
52012,63,751,2024
52013,12,66,2024
52014,73,666,2024
52015,66,662,2024
52016,80,999,2024
52017,85,907,2024
52018,84,826,2024
52019,28,499,2024
52020,57,755,2024
52021,82,1032,2024
52022,87,1007,2024
52023,27,282,2024
52024,97,777,2024
52025,66,936,2024
52026,102,1163,2024
52027,0,0,2024
52028,37,651,2024
52029,46,844,2024
52030,67,853,2024
52031,55,580,2024
52032,61,709,2024
52033,17,286,2024
52034,44,648,2024
52035,43,529,2024
52036,48,749,2024
52037,51,634,2024
52038,16,361,2024
52039,54,800,2024
52040,40,815,2024
52041,36,656,2024
52042,69,906,2024
52043,72,595,2024
52044,114,664,2024
52045,59,693,2024
52046,39,743,2024
52047,72,789,2024
52048,95,772,2024
52049,92,806,2024
52050,141,810,2024
52051,43,282,2024
52052,39,659,2024
52053,17,485,2024
52054,58,688,2024
52055,79,371,2024
52056,61,309,2024
52057,23,599,2024
52058,25,254,2024
52059,66,323,2024
52060,97,927,2024
52061,104,850,2024
52062,80,492,2024
52063,78,783,2024
52064,42,587,2024
52065,41,763,2024
52066,42,805,2024
52067,46,769,2024
52068,53,761,2024
52069,53,878,2024
52070,9,216,2024
52071,32,684,2024
52072,14,375,2024
52073,47,773,2024
52074,5,61,2024
52075,32,702,2024
52076,16,638,2024
52077,38,852,2024
52078,6,300,2024
52079,39,862,2024
52080,42,904,2024
52081,47,967,2024
52082,55,916,2024
52083,75,1000,2024
52084,59,1133,2024
52085,45,931,2024
52086,39,542,2024
52087,0,4,2024
52088,68,573,2024
52089,0,0,2024
52090,0,0,2024
52091,0,0,2024
52092,0,0,2024
52093,0,0,2024
52094,0,0,2024
52095,0,0,2024
52096,0,0,2024
52097,0,0,2024
52098,0,0,2024
52099,0,0,2024
52100,1,2,2024
52101,25,378,2024
52102,5,3,2024
53001,124,528,2024
53002,86,548,2024
53003,144,477,2024
53004,57,276,2024
53005,121,402,2024
53006,127,439,2024
53007,92,321,2024
53008,123,545,2024
53009,115,418,2024
53010,145,511,2024
53011,143,414,2024
53012,161,456,2024
53013,66,412,2024
53014,111,495,2024
53015,141,468,2024
53016,51,349,2024
53017,103,584,2024
53018,88,585,2024
53019,82,572,2024
53020,94,692,2024
53021,152,625,2024
53022,108,688,2024
53023,80,493,2024
53024,83,537,2024
53025,80,515,2024
53026,127,540,2024
53027,101,550,2024
53028,97,529,2024
53029,112,495,2024
53030,50,368,2024
53031,55,450,2024
53032,94,405,2024
53033,63,342,2024
53034,69,232,2024
53035,78,366,2024
53036,135,492,2024
53037,412,203,2024
53038,226,424,2024
53039,195,398,2024
53040,200,487,2024
53041,184,612,2024
53042,88,306,2024
53043,63,600,2024
53044,90,433,2024
53045,117,401,2024
53046,121,542,2024
53047,95,484,2024
53048,83,485,2024
53049,86,503,2024
53050,142,496,2024
53051,163,327,2024
53052,167,489,2024
53053,97,677,2024
53054,73,553,2024
53055,97,492,2024
53056,125,610,2024
53057,81,265,2024
53058,79,329,2024
53059,60,384,2024
53060,113,843,2024
53061,64,730,2024
53062,134,553,2024
53063,70,244,2024
54001,48,95,2024
54002,187,256,2024
54003,91,144,2024
54004,101,390,2024
54005,38,246,2024
54006,43,318,2024
54007,182,335,2024
54008,111,265,2024
54009,162,241,2024
54010,77,222,2024
54011,98,324,2024
54012,66,291,2024
54013,58,266,2024
54014,48,278,2024
54015,51,292,2024
54016,28,134,2024
54017,71,229,2024
54018,111,312,2024
54019,97,226,2024
54020,61,182,2024
54021,107,196,2024
54022,113,252,2024
54023,160,375,2024
54024,140,259,2024
54025,175,281,2024
54026,140,220,2024
54027,153,311,2024
54028,158,271,2024
54029,166,357,2024
54030,155,268,2024
54031,214,401,2024
54032,157,308,2024
54033,170,406,2024
54034,169,344,2024
54035,156,421,2024
54036,168,564,2024
54037,69,412,2024
54038,73,627,2024
54039,68,585,2024
54040,59,554,2024
54041,52,498,2024
54042,49,435,2024
54043,90,512,2024
54044,70,527,2024
54045,110,506,2024
54046,87,399,2024
54047,97,486,2024
54048,115,423,2024
54049,99,383,2024
54050,113,454,2024
54051,114,459,2024
54052,87,320,2024
54053,92,326,2024
54054,64,394,2024
54055,89,379,2024
54056,63,443,2024
54057,104,443,2024
54058,7,18,2024
54059,2,1,2024
54060,6,63,2024
54061,49,244,2024
54062,41,102,2024
54063,0,0,2024
54064,18,53,2024
54065,10,19,2024
54066,9,54,2024
55001,38,587,2024
55002,36,468,2024
55003,60,478,2024
55004,2,37,2024
55005,38,463,2024
55006,19,401,2024
55007,49,566,2024
55008,46,580,2024
55009,45,485,2024
55010,35,494,2024
55011,26,339,2024
55012,31,493,2024
55013,92,514,2024
55014,32,426,2024
55015,70,567,2024
55016,0,0,2024
55017,12,44,2024
55018,5,29,2024
55019,55,360,2024
55020,55,351,2024
55021,15,46,2024
55022,17,131,2024
55023,64,402,2024
55024,73,417,2024
55025,71,511,2024
55026,69,442,2024
55027,42,346,2024
55028,46,341,2024
55029,32,281,2024
55030,49,530,2024
55031,1,40,2024
55032,34,316,2024
55033,46,748,2024
55034,28,244,2024
55035,15,212,2024
55036,46,636,2024
55037,12,97,2024
55038,71,683,2024
55039,56,613,2024
55040,74,364,2024
55041,45,360,2024
55042,58,408,2024
55043,61,274,2024
55044,48,502,2024
55045,34,687,2024
55046,32,302,2024
55047,62,521,2024
55048,67,601,2024
55049,72,679,2024
55050,46,552,2024
55051,74,768,2024
55052,42,622,2024
55053,60,661,2024
55054,6,98,2024
55055,59,405,2024
55056,46,561,2024
55057,54,544,2024
55058,9,49,2024
55059,36,306,2024
55060,59,678,2024
55061,19,309,2024
55062,32,340,2024
55063,55,644,2024
55064,40,606,2024
55065,60,656,2024
55066,0,0,2024
55067,0,0,2024
55068,2,0,2024
56001,115,433,2024
56002,104,413,2024
56003,276,320,2024
56004,94,345,2024
56005,92,438,2024
56006,107,428,2024
56007,126,391,2024
56008,113,463,2024
56009,90,533,2024
56010,61,482,2024
56011,122,547,2024
56012,88,664,2024
56013,64,576,2024
56014,47,457,2024
56015,82,387,2024
56016,67,438,2024
56017,71,538,2024
56018,1,34,2024
56019,37,522,2024
56020,49,690,2024
56021,34,608,2024
56022,33,449,2024
56023,22,433,2024
56024,57,678,2024
56025,34,628,2024
56026,74,624,2024
56027,50,698,2024
56028,45,645,2024
56029,38,766,2024
56030,33,588,2024
56031,37,568,2024
56032,33,693,2024
56033,33,649,2024
56034,47,584,2024
56035,45,639,2024
56036,50,605,2024
56037,40,787,2024
56038,34,704,2024
56039,25,550,2024
56040,30,604,2024
56041,23,557,2024
56042,31,608,2024
56043,18,667,2024
56044,34,638,2024
56045,22,635,2024
56046,31,675,2024
56047,38,733,2024
56048,30,778,2024
56049,21,661,2024
56050,25,721,2024
56051,28,310,2024
56052,40,330,2024
56053,40,681,2024
56054,41,364,2024
56055,36,512,2024
56056,26,795,2024
56057,34,177,2024
56058,54,961,2024
56059,17,370,2024
56060,37,385,2024
56061,28,352,2024
56062,49,543,2024
56063,26,702,2024
56064,58,569,2024
56065,10,279,2024
56066,17,265,2024
56067,41,320,2024
56068,29,253,2024
56069,30,667,2024
56070,2,64,2024
57001,85,434,2024
57002,71,446,2024
57003,94,406,2024
57004,110,418,2024
57005,39,241,2024
57006,57,295,2024
57007,63,316,2024
57008,45,738,2024
57009,30,616,2024
57010,43,971,2024
57011,36,882,2024
57012,65,146,2024
57013,539,101,2024
57014,218,191,2024
57015,50,696,2024
57016,42,678,2024
57017,102,1270,2024
57018,30,381,2024
57019,27,870,2024
57020,32,768,2024
57021,23,668,2024
57022,33,820,2024
57023,23,799,2024
57024,21,421,2024
57025,199,349,2024
57026,40,561,2024
57027,22,868,2024
57028,69,938,2024
57029,19,717,2024
57030,78,1031,2024
57031,90,573,2024
57032,84,598,2024
57033,30,810,2024
57034,25,892,2024
57035,54,777,2024
57036,42,755,2024
57037,38,887,2024
57038,33,581,2024
57039,22,496,2024
57040,16,484,2024
57041,15,456,2024
57042,15,467,2024
57043,29,1006,2024
57044,22,765,2024
57045,19,617,2024
57046,15,821,2024
57047,24,881,2024
57048,40,953,2024
57049,23,978,2024
57050,30,810,2024
57051,45,1124,2024
57052,27,644,2024
57053,32,532,2024
57054,35,602,2024
57055,29,745,2024
57056,31,736,2024
57057,32,865,2024
57058,19,651,2024
57059,18,601,2024
57060,41,990,2024
57061,56,887,2024
57062,37,652,2024
57063,44,819,2024
57064,38,584,2024
57065,86,707,2024
57066,26,474,2024
57067,5,69,2024
57068,2,73,2024
57069,8,115,2024
57070,24,417,2024
57071,370,155,2024
57072,45,215,2024
57073,0,0,2024
57074,0,0,2024
57075,0,0,2024
57076,0,0,2024
57077,0,0,2024
57078,2,12,2024
57079,0,0,2024
57080,8,175,2024
57081,4,27,2024
57082,20,302,2024
57083,1,9,2024
57084,15,195,2024
57085,7,240,2024
58001,45,441,2024
58002,34,472,2024
58003,44,656,2024
58004,4,21,2024
58005,43,472,2024
58006,39,483,2024
58007,46,658,2024
58008,48,648,2024
58009,47,596,2024
58010,45,493,2024
58011,74,775,2024
58012,71,553,2024
58013,65,707,2024
58014,37,599,2024
58015,39,664,2024
58016,58,562,2024
58017,56,582,2024
58018,51,675,2024
58019,37,530,2024
58020,23,377,2024
58021,47,578,2024
58022,10,173,2024
58023,40,622,2024
58024,3,25,2024
58025,33,669,2024
58026,38,610,2024
58027,31,626,2024
58028,51,744,2024
58029,38,584,2024
58030,21,421,2024
58031,31,532,2024
58032,41,644,2024
58033,45,598,2024
58034,47,565,2024
58035,47,758,2024
58036,40,524,2024
58037,59,734,2024
58038,37,510,2024
58039,45,562,2024
58040,47,617,2024
58041,41,576,2024
58042,41,649,2024
58043,37,594,2024
58044,44,542,2024
58045,36,470,2024
58046,16,327,2024
58047,7,91,2024
58048,34,315,2024
58049,19,440,2024
58050,43,446,2024
58051,23,545,2024
58052,29,524,2024
58053,50,826,2024
58054,16,228,2024
58055,45,459,2024
58056,49,489,2024
58057,101,788,2024
58058,66,823,2024
58059,70,731,2024
58060,91,806,2024
58061,54,548,2024
58062,68,712,2024
58063,43,617,2024
58064,18,271,2024
58065,44,521,2024
58066,0,0,2024
58067,0,0,2024
58068,0,0,2024
58069,0,0,2024
58070,0,2,2024
59001,51,334,2024
59002,58,578,2024
59003,72,803,2024
59004,83,782,2024
59005,74,781,2024
59006,64,784,2024
59007,52,800,2024
59008,56,774,2024
59009,45,872,2024
59010,83,657,2024
59011,68,725,2024
59012,65,695,2024
59013,57,771,2024
59014,52,482,2024
59015,34,409,2024
59016,50,605,2024
59017,63,775,2024
59018,51,759,2024
59019,58,728,2024
59020,41,619,2024
59021,64,728,2024
59022,34,614,2024
59023,25,252,2024
59024,41,381,2024
59025,52,328,2024
59026,20,382,2024
59027,39,512,2024
59028,45,472,2024
59029,92,539,2024
59030,100,532,2024
59031,28,197,2024
59032,72,717,2024
59033,242,546,2024
59034,120,513,2024
59035,42,252,2024
59036,129,637,2024
59037,183,647,2024
59038,177,579,2024
59039,156,728,2024
59040,163,44,2024
59041,201,545,2024
59042,554,325,2024
59043,415,500,2024
59044,449,229,2024
59045,396,487,2024
59046,650,330,2024
59047,627,98,2024
59048,773,154,2024
59049,764,169,2024
59050,725,189,2024
59051,302,138,2024
59052,483,274,2024
59053,399,229,2024
59054,427,217,2024
59055,552,289,2024
59056,681,294,2024
59057,619,399,2024
59058,205,133,2024
59059,431,103,2024
59060,395,113,2024
59061,4,13,2024
59062,2,3,2024
59063,66,382,2024
59064,4,11,2024
59065,418,162,2024
59066,427,127,2024
59067,0,0,2024
59068,0,0,2024
59069,0,0,2024
59070,0,0,2024
59071,0,0,2024
59072,0,0,2024
60001,49,437,2024
60002,85,529,2024
60003,89,454,2024
60004,82,636,2024
60005,32,264,2024
60006,128,1119,2024
60007,96,796,2024
60008,93,449,2024
60009,123,621,2024
60010,83,668,2024
60011,132,275,2024
60012,35,417,2024
60013,42,459,2024
60014,74,739,2024
60015,40,602,2024
60016,45,644,2024
60017,166,580,2024
60018,111,469,2024
60019,121,622,2024
60020,49,320,2024
60021,40,627,2024
60022,49,516,2024
60023,68,598,2024
60024,32,379,2024
60025,46,586,2024
60026,73,531,2024
60027,25,291,2024
60028,57,671,2024
60029,43,583,2024
60030,78,683,2024
60031,71,526,2024
60032,63,383,2024
60033,75,279,2024
60034,80,407,2024
60035,46,562,2024
60036,43,506,2024
60037,53,526,2024
60038,48,499,2024
60039,86,583,2024
60040,68,484,2024
60041,3,61,2024
60042,52,552,2024
60043,65,458,2024
60044,60,435,2024
60045,82,378,2024
60046,97,677,2024
60047,18,66,2024
60048,37,148,2024
60049,11,66,2024
60050,50,304,2024
60051,90,547,2024
60052,54,554,2024
60053,102,501,2024
60054,77,592,2024
60055,77,546,2024
60056,44,353,2024
60057,62,417,2024
60058,57,502,2024
60059,21,156,2024
60060,3,22,2024
60061,0,1,2024
60062,0,0,2024
60063,3,5,2024
60064,10,41,2024
61001,250,437,2024
61002,188,516,2024
61003,115,637,2024
61004,166,656,2024
61005,291,384,2024
61006,103,455,2024
61007,175,432,2024
61008,192,559,2024
61009,198,476,2024
61010,170,381,2024
61011,171,453,2024
61012,218,632,2024
61013,150,672,2024
61014,93,444,2024
61015,143,500,2024
61016,118,355,2024
61017,316,308,2024
61018,173,400,2024
61019,159,429,2024
61020,181,421,2024
61021,382,496,2024
61022,332,582,2024
61023,146,535,2024
61024,119,449,2024
61025,226,339,2024
61026,504,254,2024
61027,375,249,2024
61028,264,370,2024
61029,274,516,2024
61030,175,574,2024
61031,402,442,2024
61032,388,428,2024
61033,233,459,2024
61034,200,390,2024
61035,242,530,2024
61036,314,523,2024
61037,286,535,2024
61038,391,543,2024
61039,383,477,2024
61040,805,356,2024
61041,761,346,2024
61042,928,365,2024
61043,746,343,2024
61044,0,0,2024
61045,0,0,2024
61046,0,0,2024
61047,50,80,2024
61048,141,179,2024
61049,0,0,2024
61050,276,195,2024
61051,255,194,2024
61060,153,571,2024
61061,246,747,2024
61062,216,657,2024
61063,273,844,2024
61064,141,507,2024
61065,228,787,2024
61066,212,647,2024
61067,172,637,2024
61068,255,834,2024
61069,0,1,2024
61070,0,0,2024
61071,0,0,2024
61072,0,0,2024
61073,0,0,2024
61074,0,0,2024
61100,0,2,2024
61101,0,0,2024
61102,0,0,2024
61103,0,0,2024
61104,0,0,2024
61105,0,0,2024
61106,0,0,2024
61107,0,0,2024
61108,0,0,2024
61109,0,0,2024
61110,0,0,2024
61111,0,0,2024
61112,0,0,2024
61113,0,0,2024
61114,0,0,2024
62001,1024,160,2024
62002,1023,198,2024
62003,867,238,2024
62004,963,155,2024
62005,929,160,2024
62006,865,196,2024
62007,1008,167,2024
62008,889,157,2024
62009,975,206,2024
62010,912,230,2024
62011,850,182,2024
62012,848,206,2024
62013,925,225,2024
62014,908,216,2024
62015,951,206,2024
62016,965,224,2024
62017,859,227,2024
62018,941,216,2024
62019,974,226,2024
62020,869,251,2024
62021,914,238,2024
62022,853,225,2024
62023,888,207,2024
62024,837,231,2024
62025,773,223,2024
62026,835,267,2024
62027,830,270,2024
62028,800,231,2024
62029,819,255,2024
62030,702,244,2024
62031,914,280,2024
62032,797,257,2024
62033,797,240,2024
62034,769,232,2024
62035,287,78,2024
62036,1028,198,2024
62037,910,216,2024
62038,916,209,2024
62039,1002,208,2024
62040,940,188,2024
62041,908,196,2024
62042,918,194,2024
62043,941,203,2024
62044,622,311,2024
62045,824,241,2024
62046,862,278,2024
62047,715,264,2024
62048,834,229,2024
62049,786,278,2024
62050,849,257,2024
62051,903,236,2024
62052,974,186,2024
62053,952,209,2024
62054,750,235,2024
62055,748,262,2024
62056,614,353,2024
62057,281,136,2024
62058,352,118,2024
62059,797,217,2024
62060,873,233,2024
62061,632,223,2024
62062,0,0,2024
62063,0,0,2024
62064,0,0,2024
63001,158,570,2024
63002,254,379,2024
63003,321,234,2024
63004,432,387,2024
63005,432,391,2024
63006,603,402,2024
63007,612,364,2024
63008,187,146,2024
63009,109,59,2024
63010,248,412,2024
63011,517,478,2024
63012,195,130,2024
63013,159,273,2024
63014,451,339,2024
63015,362,328,2024
63016,428,490,2024
63017,436,251,2024
63018,836,448,2024
63019,172,131,2024
63020,381,198,2024
63021,357,215,2024
63022,86,253,2024
63023,654,425,2024
63024,489,368,2024
63025,506,143,2024
63026,522,198,2024
63027,472,261,2024
63028,772,324,2024
63029,590,339,2024
63030,638,333,2024
63031,637,322,2024
63032,651,351,2024
63033,418,217,2024
63034,646,361,2024
63035,601,365,2024
63036,169,605,2024
63037,165,592,2024
63038,74,311,2024
63039,188,491,2024
63040,336,371,2024
63041,335,530,2024
63042,332,327,2024
63043,300,296,2024
63044,554,349,2024
63045,522,312,2024
63046,540,292,2024
63047,504,290,2024
63048,413,200,2024
63049,454,226,2024
63050,39,14,2024
63051,624,208,2024
63052,708,319,2024
63053,350,302,2024
63054,599,250,2024
63055,527,175,2024
63056,529,271,2024
63057,512,218,2024
63058,496,227,2024
63059,613,287,2024
63060,799,166,2024
63061,610,282,2024
63062,422,219,2024
63063,490,185,2024
63064,462,192,2024
63065,330,143,2024
63066,0,0,2024
63067,0,0,2024
63068,0,0,2024
63069,0,0,2024
63070,0,0,2024
63071,390,142,2024
63072,0,0,2024
63073,0,0,2024
63074,0,0,2024
63075,122,106,2024
63076,522,447,2024
63077,0,0,2024
64001,812,246,2024
64002,878,227,2024
64003,902,296,2024
64004,715,233,2024
64005,899,246,2024
64006,870,228,2024
64007,798,257,2024
64008,778,285,2024
64009,865,250,2024
64010,724,224,2024
64011,680,268,2024
64012,466,364,2024
64013,706,258,2024
64014,763,302,2024
64015,809,245,2024
64016,743,307,2024
64017,726,309,2024
64018,786,278,2024
64019,327,148,2024
64020,28,7,2024
64021,790,259,2024
64022,728,246,2024
64023,603,228,2024
64024,742,292,2024
64025,573,228,2024
64026,171,259,2024
64027,576,258,2024
64028,634,223,2024
64029,719,257,2024
64030,299,122,2024
64031,501,199,2024
64032,739,281,2024
64033,527,223,2024
64034,545,302,2024
64035,453,152,2024
64036,563,248,2024
64037,723,328,2024
64038,450,182,2024
64039,707,215,2024
64040,244,268,2024
64041,582,232,2024
64042,538,225,2024
64043,603,237,2024
64044,588,244,2024
64045,650,309,2024
64046,374,214,2024
64047,330,203,2024
64048,382,126,2024
64049,0,0,2024
64050,0,0,2024
64051,70,52,2024
64052,0,0,2024
64053,0,0,2024
64054,0,0,2024
64055,0,0,2024
64056,0,0,2024
64057,0,0,2024
64058,0,0,2024
64059,0,0,2024
64060,473,221,2024
64061,292,133,2024
64075,398,527,2024
64076,101,140,2024
64077,314,577,2024
64078,239,311,2024
64079,217,368,2024
64080,319,487,2024
64081,314,535,2024
64082,418,524,2024
64083,391,551,2024
64084,463,275,2024
64085,356,250,2024
64086,425,249,2024
64087,143,170,2024
64088,0,0,2024
64089,0,0,2024
64090,0,0,2024
65001,197,726,2024
65002,115,593,2024
65003,229,782,2024
65004,190,688,2024
65005,153,539,2024
65006,136,536,2024
65007,324,610,2024
65008,254,419,2024
65009,157,683,2024
65010,152,664,2024
65011,74,319,2024
65012,133,323,2024
65013,183,447,2024
65014,112,256,2024
65015,231,298,2024
65016,251,235,2024
65017,148,322,2024
65018,150,369,2024
65019,235,524,2024
65020,113,352,2024
65021,183,388,2024
65022,61,289,2024
65023,184,426,2024
65024,124,272,2024
65025,104,318,2024
65026,192,581,2024
65027,122,364,2024
65028,193,604,2024
65029,233,739,2024
65030,196,451,2024
65031,14,146,2024
65032,132,493,2024
65033,234,840,2024
65034,89,308,2024
65035,147,643,2024
65036,48,284,2024
65037,15,82,2024
65038,36,212,2024
65039,55,186,2024
65040,91,638,2024
65041,92,461,2024
65042,167,445,2024
65043,163,475,2024
65044,190,610,2024
65045,154,523,2024
65046,290,694,2024
65047,124,371,2024
65048,108,301,2024
65049,174,559,2024
65050,172,436,2024
65051,153,394,2024
65052,83,399,2024
65053,84,377,2024
65054,153,338,2024
65055,150,286,2024
65056,174,291,2024
65057,101,785,2024
65058,114,549,2024
65059,92,610,2024
65060,144,608,2024
65061,125,363,2024
65062,115,369,2024
65063,149,404,2024
65064,137,582,2024
65065,125,312,2024
65066,137,401,2024
65067,69,314,2024
65068,0,0,2024
65069,0,0,2024
65070,0,0,2024
65071,0,0,2024
66001,1,6,2024
66002,90,647,2024
66003,76,579,2024
66004,115,935,2024
66005,92,582,2024
66006,121,723,2024
66007,110,603,2024
66008,132,696,2024
66009,80,672,2024
66010,64,729,2024
66011,132,675,2024
66012,167,840,2024
66013,124,408,2024
66014,100,729,2024
66015,98,765,2024
66016,161,945,2024
66017,98,570,2024
66018,118,644,2024
66019,132,789,2024
66020,118,566,2024
66021,121,737,2024
66022,10,68,2024
66023,102,813,2024
66024,82,773,2024
66025,147,843,2024
66026,74,626,2024
66027,89,460,2024
66028,124,642,2024
66029,87,549,2024
66030,69,402,2024
66031,134,669,2024
66032,161,730,2024
66033,101,592,2024
66034,64,530,2024
66035,82,719,2024
66036,81,821,2024
66037,102,808,2024
66038,95,765,2024
66039,19,222,2024
66040,43,475,2024
66041,73,727,2024
66042,119,777,2024
66043,71,474,2024
66044,104,630,2024
66045,69,622,2024
66046,40,321,2024
66047,86,669,2024
66048,85,666,2024
66049,175,727,2024
66050,74,746,2024
66051,125,799,2024
66052,99,414,2024
66053,78,516,2024
66054,115,612,2024
66055,128,459,2024
66056,27,614,2024
66057,44,710,2024
66058,76,682,2024
66059,67,511,2024
66060,94,486,2024
66061,90,546,2024
66062,7,40,2024
66063,167,557,2024
66064,138,737,2024
66065,80,556,2024
66066,216,838,2024
66067,262,787,2024
66068,165,813,2024
66069,113,673,2024
66070,202,660,2024
66071,142,677,2024
66072,92,354,2024
66073,159,737,2024
66074,9,88,2024
66075,0,0,2024
66076,0,0,2024
66077,0,0,2024
66078,0,0,2024
67001,115,757,2024
67002,69,518,2024
67003,79,801,2024
67004,119,811,2024
67005,124,877,2024
67006,35,172,2024
67007,149,911,2024
67008,128,856,2024
67009,92,716,2024
67010,115,814,2024
67011,113,812,2024
67012,123,995,2024
67013,132,825,2024
67014,89,585,2024
67015,100,752,2024
67016,162,1108,2024
67017,81,773,2024
67018,102,882,2024
67019,115,869,2024
67020,110,907,2024
67021,154,718,2024
67022,121,768,2024
67023,47,331,2024
67024,103,889,2024
67025,79,634,2024
67026,107,1036,2024
67027,96,545,2024
67028,87,586,2024
67029,83,584,2024
67030,156,988,2024
67031,104,501,2024
67032,122,801,2024
67033,100,626,2024
67034,105,934,2024
67035,84,709,2024
67036,89,884,2024
67037,151,987,2024
67038,170,1067,2024
67039,162,1051,2024
67040,138,984,2024
67041,178,862,2024
67042,155,845,2024
67043,141,463,2024
67044,151,953,2024
67045,143,496,2024
67046,32,304,2024
67047,289,968,2024
67048,120,559,2024
67049,166,607,2024
67050,101,565,2024
67051,113,446,2024
67052,171,722,2024
67053,122,478,2024
67054,165,524,2024
67055,116,453,2024
67056,128,675,2024
67057,166,875,2024
67058,100,499,2024
67059,175,786,2024
67060,190,1134,2024
67061,132,481,2024
67062,112,752,2024
67063,120,767,2024
67064,129,636,2024
67065,236,722,2024
67066,118,343,2024
67067,160,951,2024
67068,0,0,2024
67069,0,0,2024
67070,0,0,2024
68001,53,479,2024
68002,87,423,2024
68003,37,300,2024
68004,46,548,2024
68005,23,416,2024
68006,89,453,2024
68007,69,324,2024
68008,132,845,2024
68009,39,221,2024
68010,74,355,2024
68011,68,546,2024
68012,43,318,2024
68013,89,409,2024
68014,33,336,2024
68015,65,344,2024
68016,81,332,2024
68017,94,517,2024
68018,87,299,2024
68019,64,434,2024
68020,115,448,2024
68021,104,606,2024
68022,76,307,2024
68023,61,361,2024
68024,14,31,2024
68025,109,490,2024
68026,90,333,2024
68027,97,318,2024
68028,97,596,2024
68029,116,559,2024
68030,77,305,2024
68031,101,393,2024
68032,105,608,2024
68033,155,700,2024
68034,131,430,2024
68035,85,476,2024
68036,75,346,2024
68037,165,478,2024
68038,88,408,2024
68039,68,256,2024
68040,68,236,2024
68041,93,356,2024
68042,66,275,2024
68043,108,416,2024
68044,136,466,2024
68045,126,394,2024
68046,97,401,2024
68047,133,528,2024
68048,112,519,2024
68049,56,257,2024
68050,88,233,2024
68051,121,446,2024
68052,91,347,2024
68053,50,282,2024
68054,123,495,2024
68055,143,613,2024
68056,57,263,2024
68057,65,328,2024
68058,111,365,2024
68059,54,282,2024
68060,53,335,2024
68061,62,194,2024
68062,113,532,2024
68063,98,468,2024
68064,50,232,2024
68065,112,574,2024
68066,186,727,2024
68067,151,442,2024
68068,45,180,2024
68069,62,167,2024
68070,192,1059,2024
68071,57,263,2024
68072,29,114,2024
68073,30,169,2024
68074,70,339,2024
68075,43,195,2024
68076,1,8,2024
68077,0,0,2024
68078,0,0,2024
68079,0,0,2024
68080,0,0,2024
68081,0,0,2024
69001,79,300,2024
69002,101,573,2024
69003,103,405,2024
69004,15,54,2024
69005,61,549,2024
69006,70,962,2024
69007,50,618,2024
69008,32,534,2024
69009,47,516,2024
69010,25,266,2024
69011,46,794,2024
69012,57,983,2024
69013,48,603,2024
69014,79,716,2024
69015,161,701,2024
69016,47,384,2024
69017,49,414,2024
69018,144,779,2024
69019,82,390,2024
69020,94,604,2024
69021,54,434,2024
69022,90,773,2024
69023,90,761,2024
69024,119,496,2024
69025,113,592,2024
69026,78,310,2024
69027,104,555,2024
69028,13,320,2024
69029,99,856,2024
69030,99,867,2024
69031,41,404,2024
69032,50,294,2024
69033,93,824,2024
69034,56,646,2024
69035,51,592,2024
69036,97,765,2024
69037,82,750,2024
69038,84,761,2024
69039,69,813,2024
69040,39,542,2024
69041,98,1199,2024
69042,87,960,2024
69043,67,909,2024
69044,51,462,2024
69045,82,1093,2024
69046,85,823,2024
69047,99,675,2024
69048,105,746,2024
69049,104,624,2024
69050,74,851,2024
69051,90,663,2024
69052,117,926,2024
69053,70,609,2024
69054,123,829,2024
69055,57,405,2024
69056,84,655,2024
69057,54,511,2024
69058,129,938,2024
69059,84,783,2024
69060,117,877,2024
69061,73,566,2024
69062,68,551,2024
69063,58,473,2024
69064,81,392,2024
69065,51,476,2024
69066,62,659,2024
69067,69,409,2024
69068,96,747,2024
69069,78,632,2024
69070,91,574,2024
69071,96,837,2024
69072,82,577,2024
69073,120,935,2024
69074,78,562,2024
69075,80,627,2024
69076,82,606,2024
69077,0,0,2024
69078,0,0,2024
69079,1,0,2024
69080,0,0,2024
69081,0,0,2024
69082,0,0,2024
69083,0,0,2024
69084,0,0,2024
70001,158,562,2024
70002,97,352,2024
70003,106,512,2024
70004,135,591,2024
70005,115,387,2024
70006,117,407,2024
70007,80,351,2024
70008,56,302,2024
70009,143,343,2024
70010,128,406,2024
70011,117,478,2024
70012,94,385,2024
70013,63,741,2024
70014,38,514,2024
70015,82,441,2024
70016,70,813,2024
70017,54,284,2024
70018,47,606,2024
70019,69,559,2024
70020,39,831,2024
70021,87,656,2024
70022,69,758,2024
70023,68,551,2024
70024,89,544,2024
70025,47,460,2024
70026,35,701,2024
70027,47,667,2024
70028,37,677,2024
70029,56,1014,2024
70030,83,891,2024
70031,89,725,2024
70032,42,549,2024
70033,48,606,2024
70034,65,653,2024
70035,126,1068,2024
70036,50,657,2024
70037,47,329,2024
70038,55,521,2024
70039,46,628,2024
70040,70,656,2024
70041,82,838,2024
70042,38,266,2024
70043,26,535,2024
70044,71,902,2024
70045,73,334,2024
70046,69,409,2024
70047,52,520,2024
70048,39,467,2024
70049,64,444,2024
70050,54,434,2024
70051,85,402,2024
70052,52,318,2024
70053,64,552,2024
70054,61,801,2024
70055,65,714,2024
70056,65,638,2024
70057,50,477,2024
70058,63,803,2024
70059,80,616,2024
70060,48,833,2024
70061,51,649,2024
70062,55,827,2024
70063,59,640,2024
70064,63,808,2024
70065,80,726,2024
70066,86,927,2024
70067,104,540,2024
70068,63,468,2024
70069,53,1140,2024
70070,0,0,2024
70071,0,0,2024
70072,0,0,2024
71001,134,771,2024
71002,147,667,2024
71003,128,861,2024
71004,100,990,2024
71005,65,862,2024
71006,90,781,2024
71007,100,716,2024
71008,136,522,2024
71009,141,650,2024
71010,98,516,2024
71011,84,386,2024
71012,155,444,2024
71013,111,406,2024
71014,140,423,2024
71015,81,378,2024
71016,145,370,2024
71017,132,427,2024
71018,116,519,2024
71019,63,371,2024
71020,174,421,2024
71021,129,507,2024
71022,150,449,2024
71023,170,488,2024
71024,138,836,2024
71025,104,362,2024
71026,72,482,2024
71027,77,535,2024
71028,161,497,2024
71029,127,476,2024
71030,107,498,2024
71031,56,344,2024
71032,122,526,2024
71033,33,133,2024
71034,125,414,2024
71035,95,567,2024
71036,106,556,2024
71037,161,606,2024
71038,81,607,2024
71039,98,582,2024
71040,98,584,2024
71041,103,609,2024
71042,115,663,2024
71043,74,367,2024
71044,149,475,2024
71045,104,394,2024
71046,132,503,2024
71047,97,359,2024
71048,103,593,2024
71049,129,667,2024
71050,72,461,2024
71051,66,764,2024
71052,111,861,2024
71053,37,395,2024
71054,93,530,2024
71055,85,790,2024
71056,68,601,2024
71057,71,597,2024
71058,69,645,2024
71059,94,762,2024
71060,53,621,2024
71061,43,912,2024
71062,27,626,2024
71063,56,594,2024
71064,106,615,2024
71065,34,94,2024
71066,0,0,2024
71067,0,0,2024
71068,0,0,2024
71069,0,0,2024
71070,0,0,2024
71071,0,0,2024
72001,141,477,2024
72002,169,452,2024
72003,223,498,2024
72004,88,870,2024
72005,112,814,2024
72006,142,601,2024
72007,208,392,2024
72008,134,556,2024
72009,182,772,2024
72010,178,658,2024
72011,240,446,2024
72012,227,438,2024
72013,203,444,2024
72014,186,444,2024
72015,207,514,2024
72016,147,315,2024
72017,215,362,2024
72018,144,360,2024
72019,104,459,2024
72020,193,329,2024
72021,122,328,2024
72022,163,265,2024
72023,220,367,2024
72024,151,336,2024
72025,43,140,2024
72026,181,705,2024
72027,174,385,2024
72028,77,212,2024
72029,141,522,2024
72030,131,433,2024
72031,45,133,2024
72032,153,496,2024
72033,123,411,2024
72034,161,270,2024
72035,170,373,2024
72036,177,290,2024
72037,217,410,2024
72038,232,365,2024
72039,200,443,2024
72040,219,351,2024
72041,210,516,2024
72042,211,358,2024
72043,166,416,2024
72044,186,451,2024
72045,141,289,2024
72046,172,327,2024
72047,129,316,2024
72048,201,370,2024
72049,128,259,2024
72050,163,343,2024
72051,142,305,2024
72052,152,343,2024
72053,194,403,2024
72054,167,300,2024
72055,136,406,2024
72056,120,353,2024
72057,178,367,2024
72058,129,667,2024
72059,160,393,2024
72060,168,351,2024
72061,106,366,2024
72062,187,374,2024
72063,100,356,2024
72064,0,0,2024
72065,0,0,2024
72066,0,0,2024
73001,196,777,2024
73002,45,189,2024
73003,206,577,2024
73004,166,799,2024
73005,108,459,2024
73006,184,704,2024
73007,153,585,2024
73008,77,254,2024
73009,176,332,2024
73010,204,286,2024
73011,277,631,2024
73012,177,730,2024
73013,153,706,2024
73014,152,468,2024
73015,274,839,2024
73016,165,577,2024
73017,203,590,2024
73018,38,216,2024
73019,222,784,2024
73020,243,904,2024
73021,161,659,2024
73022,201,596,2024
73023,157,592,2024
73024,161,504,2024
73025,223,690,2024
73026,157,508,2024
73027,200,570,2024
73028,133,531,2024
73029,198,660,2024
73030,213,780,2024
73031,121,545,2024
73032,202,636,2024
73033,196,640,2024
73034,276,879,2024
73035,99,306,2024
73036,174,489,2024
73037,256,691,2024
73038,294,803,2024
73039,227,728,2024
73040,222,577,2024
73041,188,475,2024
73042,218,492,2024
73043,239,656,2024
73044,196,637,2024
73045,238,709,2024
73046,237,621,2024
73047,208,544,2024
73048,294,669,2024
73049,171,473,2024
73050,302,723,2024
73051,209,787,2024
73052,218,627,2024
73053,200,652,2024
73054,278,783,2024
73055,153,619,2024
73056,148,502,2024
73057,173,558,2024
73058,166,542,2024
73059,245,923,2024
73060,96,365,2024
73061,88,410,2024
73062,207,971,2024
73063,207,650,2024
73064,190,901,2024
73065,146,546,2024
73066,208,861,2024
73067,178,716,2024
73068,216,550,2024
73069,168,872,2024
73070,0,0,2024
73071,0,0,2024
73072,0,0,2024
74001,201,706,2024
74002,194,790,2024
74003,208,722,2024
74004,216,675,2024
74005,191,555,2024
74006,188,622,2024
74007,151,578,2024
74008,183,856,2024
74009,88,360,2024
74010,191,804,2024
74011,211,880,2024
74012,164,893,2024
74013,140,712,2024
74014,206,865,2024
74015,209,902,2024
74016,176,1052,2024
74017,155,903,2024
74018,166,1006,2024
74019,145,710,2024
74020,135,781,2024
74021,112,577,2024
74022,175,859,2024
74023,154,880,2024
74024,152,809,2024
74025,138,492,2024
74026,117,817,2024
74027,107,871,2024
74028,78,492,2024
74029,133,384,2024
74030,155,585,2024
74031,120,805,2024
74032,86,246,2024
74033,84,543,2024
74034,104,505,2024
74035,98,716,2024
74036,101,715,2024
74037,118,333,2024
74038,133,347,2024
74039,103,333,2024
74040,70,240,2024
74041,111,409,2024
74042,287,518,2024
74043,84,764,2024
74044,126,455,2024
74045,159,678,2024
74046,106,358,2024
74047,111,454,2024
74048,118,584,2024
74049,181,731,2024
74050,155,678,2024
74051,139,957,2024
74052,96,588,2024
74053,110,750,2024
74054,74,413,2024
74055,156,893,2024
74056,119,611,2024
74057,107,887,2024
74058,97,606,2024
74059,165,783,2024
74060,60,375,2024
74061,83,361,2024
74062,74,327,2024
74063,32,199,2024
74064,24,55,2024
74065,52,243,2024
74066,0,0,2024
74067,0,0,2024
74068,0,0,2024
74069,0,0,2024
74070,0,0,2024
75001,143,871,2024
75002,166,999,2024
75003,181,854,2024
75004,101,393,2024
75005,180,712,2024
75006,174,831,2024
75007,133,565,2024
75008,167,933,2024
75009,25,196,2024
75010,191,760,2024
75011,166,466,2024
75012,174,606,2024
75013,230,712,2024
75014,102,293,2024
75015,148,488,2024
75016,60,265,2024
75017,89,501,2024
75018,86,275,2024
75019,0,0,2024
75020,121,464,2024
75021,81,328,2024
75022,160,610,2024
75023,145,562,2024
75024,153,685,2024
75025,44,368,2024
75026,118,839,2024
75027,120,605,2024
75028,136,807,2024
75029,116,690,2024
75030,194,492,2024
75031,155,774,2024
75032,102,619,2024
75033,113,565,2024
75034,111,555,2024
75035,84,405,2024
75036,60,178,2024
75037,144,603,2024
75038,124,710,2024
75039,128,619,2024
75040,76,527,2024
75041,155,749,2024
75042,88,741,2024
75043,217,865,2024
75044,103,860,2024
75045,88,649,2024
75046,109,734,2024
75047,113,655,2024
75048,64,443,2024
75049,113,807,2024
75050,87,525,2024
75051,146,933,2024
75052,103,807,2024
75053,110,799,2024
75054,99,436,2024
75055,104,394,2024
75056,127,494,2024
75057,180,649,2024
75058,134,651,2024
75059,258,1107,2024
75060,131,677,2024
75061,109,302,2024
75062,120,720,2024
75063,74,1001,2024
75064,83,797,2024
75065,138,522,2024
75066,176,515,2024
75067,13,25,2024
75068,0,0,2024
75069,0,0,2024
75070,0,0,2024
75071,0,0,2024
76001,249,689,2024
76002,190,441,2024
76003,165,509,2024
76004,221,689,2024
76005,199,747,2024
76006,215,765,2024
76007,183,742,2024
76008,154,488,2024
76009,232,834,2024
76010,105,638,2024
76011,184,583,2024
76012,215,709,2024
76013,184,662,2024
76014,162,752,2024
76015,155,712,2024
76016,97,484,2024
76017,171,650,2024
76018,209,577,2024
76019,269,880,2024
76020,260,754,2024
76021,214,725,2024
76022,192,723,2024
76023,160,603,2024
76024,213,879,2024
76025,160,647,2024
76026,221,680,2024
76027,175,680,2024
76028,171,742,2024
76029,151,551,2024
76030,228,838,2024
76031,212,730,2024
76032,225,881,2024
76033,199,907,2024
76034,241,870,2024
76035,178,855,2024
76036,256,905,2024
76037,187,944,2024
76038,113,521,2024
76039,174,810,2024
76040,168,640,2024
76041,255,653,2024
76042,191,814,2024
76043,136,674,2024
76044,185,908,2024
76045,205,823,2024
76046,176,858,2024
76047,106,651,2024
76048,217,727,2024
76049,190,756,2024
76050,224,870,2024
76051,184,674,2024
76052,172,760,2024
76053,168,852,2024
76054,253,947,2024
76055,166,902,2024
76056,156,884,2024
76057,148,579,2024
76058,192,880,2024
76059,144,655,2024
76060,115,597,2024
76061,119,564,2024
76062,181,809,2024
76063,0,0,2024
76064,0,0,2024
76065,0,0,2024
76066,0,0,2024
76067,0,0,2024
76068,0,0,2024
77001,175,397,2024
77002,207,520,2024
77003,162,483,2024
77004,29,100,2024
77005,189,481,2024
77006,170,484,2024
77007,213,490,2024
77008,155,425,2024
77009,216,502,2024
77010,202,470,2024
77011,211,485,2024
77012,156,499,2024
77013,193,567,2024
77014,138,486,2024
77015,21,43,2024
77016,18,103,2024
77017,98,356,2024
77018,108,366,2024
77019,99,428,2024
77020,54,146,2024
77021,125,308,2024
77022,102,254,2024
77023,138,382,2024
77024,126,412,2024
77025,97,252,2024
77026,172,359,2024
77027,169,389,2024
77028,98,269,2024
77029,47,117,2024
77030,54,159,2024
77031,129,344,2024
77032,138,379,2024
77033,67,177,2024
77034,87,152,2024
77035,130,288,2024
77036,120,259,2024
77037,119,355,2024
77038,79,252,2024
77039,173,348,2024
77040,140,358,2024
77041,168,406,2024
77042,165,402,2024
77043,1,0,2024
77044,140,432,2024
77045,15,51,2024
77046,113,336,2024
77047,139,539,2024
77048,56,154,2024
77049,137,726,2024
77050,99,382,2024
77051,96,309,2024
77052,166,491,2024
77053,153,405,2024
77054,123,225,2024
77055,64,123,2024
77056,159,277,2024
77057,0,0,2024
77058,0,0,2024
77059,0,0,2024
77060,0,0,2024
77061,0,0,2024
77062,0,0,2024
77063,0,0,2024
78001,125,381,2024
78002,131,503,2024
78003,153,416,2024
78004,104,372,2024
78005,131,275,2024
78006,121,271,2024
78007,175,395,2024
78008,133,237,2024
78009,106,241,2024
78010,125,419,2024
78011,64,223,2024
78012,131,257,2024
78013,81,255,2024
78014,157,346,2024
78015,37,67,2024
78016,105,235,2024
78017,223,405,2024
78018,215,381,2024
78019,151,376,2024
78020,173,442,2024
78021,176,326,2024
78022,219,371,2024
78023,156,383,2024
78024,18,58,2024
78025,168,400,2024
78026,122,302,2024
78027,186,400,2024
78028,258,540,2024
78029,254,501,2024
78030,173,473,2024
78031,94,262,2024
78032,100,530,2024
78033,203,366,2024
78034,200,328,2024
78035,194,273,2024
78036,197,526,2024
78037,223,435,2024
78038,122,249,2024
78039,212,387,2024
78040,139,315,2024
78041,224,317,2024
78042,166,389,2024
78043,254,347,2024
78044,175,281,2024
78045,122,250,2024
78046,160,328,2024
78047,212,356,2024
78048,1,1,2024
78049,160,412,2024
78050,111,149,2024
78052,0,0,2024
78053,0,0,2024
78054,0,0,2024
78055,0,0,2024
79001,111,472,2024
79002,34,62,2024
79003,112,407,2024
79004,131,274,2024
79005,87,256,2024
79006,88,226,2024
79007,14,53,2024
79008,64,260,2024
79009,47,135,2024
79010,108,347,2024
79011,110,442,2024
79012,157,492,2024
79013,86,377,2024
79014,119,378,2024
79015,143,517,2024
79016,66,252,2024
79017,129,345,2024
79018,76,296,2024
79019,52,194,2024
79020,109,398,2024
79021,91,296,2024
79022,129,391,2024
79023,203,410,2024
79024,108,327,2024
79025,78,212,2024
79026,70,238,2024
79027,128,439,2024
79028,143,529,2024
79029,161,506,2024
79030,84,340,2024
79031,109,325,2024
79032,173,507,2024
79033,64,245,2024
79034,167,421,2024
79035,126,463,2024
79036,114,348,2024
79037,162,462,2024
79038,109,336,2024
79039,88,284,2024
79040,150,519,2024
79041,98,323,2024
79042,111,333,2024
79043,174,739,2024
79044,127,349,2024
79045,98,343,2024
79046,158,520,2024
79047,143,537,2024
79048,21,82,2024
79049,55,152,2024
79050,116,355,2024
79051,161,333,2024
79052,111,365,2024
79053,82,315,2024
79054,76,580,2024
79055,109,716,2024
79056,68,408,2024
79057,68,182,2024
79058,27,69,2024
79059,63,209,2024
80001,33,90,2024
80002,131,308,2024
80003,179,304,2024
80004,241,183,2024
80005,186,268,2024
80006,330,404,2024
80007,89,176,2024
80008,223,431,2024
80009,105,168,2024
80010,272,248,2024
80011,218,351,2024
80012,242,484,2024
80013,226,467,2024
80014,150,455,2024
80015,190,515,2024
80016,219,412,2024
80017,240,501,2024
80018,276,310,2024
80019,258,231,2024
80020,495,349,2024
80021,179,410,2024
80022,125,274,2024
80023,439,363,2024
80024,227,386,2024
80025,121,224,2024
80026,227,516,2024
80027,40,184,2024
80028,17,86,2024
80029,165,452,2024
80030,182,483,2024
80031,93,252,2024
80032,69,175,2024
80033,18,74,2024
80034,121,551,2024
80035,174,587,2024
80036,56,290,2024
80037,113,479,2024
80038,109,477,2024
80039,0,0,2024
80040,219,350,2024
80041,391,494,2024
80042,364,588,2024
80043,352,522,2024
80044,127,358,2024
80045,180,419,2024
80046,127,295,2024
80047,151,198,2024
80048,195,276,2024
80049,141,326,2024
80050,123,376,2024
80051,125,371,2024
80052,9,53,2024
80053,165,364,2024
80054,144,903,2024
80055,197,403,2024
80056,203,380,2024
80057,211,504,2024
80058,141,266,2024
80059,110,246,2024
80060,128,90,2024
80061,1,1,2024
80062,53,106,2024
80063,76,116,2024
80064,8,28,2024
80065,0,0,2024
80066,0,0,2024
80067,0,0,2024
81001,190,331,2024
81002,217,450,2024
81003,164,234,2024
81004,88,264,2024
81005,167,259,2024
81006,203,409,2024
81007,101,290,2024
81008,142,399,2024
81009,155,322,2024
81010,260,480,2024
81011,308,625,2024
81012,202,331,2024
81013,32,55,2024
81014,202,563,2024
81015,113,490,2024
81016,97,351,2024
81017,280,822,2024
81018,116,414,2024
81019,166,726,2024
81020,132,531,2024
81021,161,673,2024
81022,227,631,2024
81023,143,539,2024
81024,96,403,2024
81025,146,243,2024
81026,214,746,2024
81027,152,703,2024
81028,211,878,2024
81029,266,763,2024
81030,269,614,2024
81031,292,816,2024
81032,224,527,2024
81033,109,323,2024
81034,157,667,2024
81035,179,615,2024
81036,159,399,2024
81037,238,648,2024
81038,200,417,2024
81039,209,488,2024
81040,223,425,2024
81041,328,290,2024
81042,329,337,2024
81043,392,431,2024
81044,138,677,2024
81045,223,435,2024
81046,63,275,2024
81047,233,450,2024
81048,230,590,2024
81049,163,450,2024
81050,191,380,2024
81051,139,455,2024
81052,82,460,2024
81053,258,491,2024
81054,274,681,2024
81055,62,158,2024
81056,138,367,2024
81057,77,424,2024
81058,111,427,2024
81059,80,384,2024
81060,0,0,2024
81061,0,0,2024
81062,0,0,2024
81063,0,1,2024
82001,607,314,2024
82002,244,114,2024
82003,358,355,2024
82004,358,355,2024
82005,313,255,2024
82006,532,233,2024
82007,292,335,2024
82008,349,294,2024
82009,318,409,2024
82010,328,515,2024
82011,260,394,2024
82012,69,294,2024
82013,74,278,2024
82014,67,303,2024
82015,323,407,2024
82016,316,411,2024
82017,23,42,2024
82018,467,323,2024
82019,512,318,2024
82020,648,346,2024
82021,465,225,2024
82022,347,185,2024
82023,324,208,2024
82024,268,198,2024
82025,283,518,2024
82026,241,322,2024
82027,273,296,2024
82028,350,537,2024
82029,287,469,2024
82030,223,383,2024
82031,259,300,2024
82032,371,388,2024
82033,328,348,2024
82034,188,300,2024
82035,90,148,2024
82036,223,366,2024
82037,2,15,2024
82038,356,423,2024
82039,265,334,2024
82040,177,359,2024
82041,466,553,2024
82042,485,531,2024
82043,249,223,2024
82044,207,236,2024
82045,2,4,2024
82046,108,705,2024
82047,83,578,2024
82048,111,830,2024
82049,98,710,2024
82050,69,610,2024
82051,55,625,2024
82052,2,1,2024
82053,101,117,2024
82054,106,876,2024
82055,153,776,2024
82056,100,690,2024
82057,128,826,2024
82058,92,848,2024
82059,118,844,2024
82060,116,761,2024
82061,99,814,2024
82062,89,696,2024
82063,128,824,2024
82064,136,840,2024
82065,113,732,2024
82066,105,532,2024
82067,0,0,2024
82068,0,0,2024
82069,0,0,2024
82070,0,0,2024
82071,0,0,2024
82072,0,0,2024
82073,0,0,2024
82074,0,0,2024
82075,0,0,2024
82076,0,0,2024
82077,0,0,2024
82078,0,0,2024
82079,0,0,2024
83001,96,637,2024
83002,80,640,2024
83003,113,599,2024
83004,58,512,2024
83005,60,536,2024
83006,80,731,2024
83007,86,748,2024
83008,77,465,2024
83009,75,425,2024
83010,83,486,2024
83011,97,669,2024
83012,79,448,2024
83013,79,412,2024
83014,89,413,2024
83015,102,563,2024
83016,67,586,2024
83017,82,559,2024
83018,69,387,2024
83019,92,515,2024
83020,93,639,2024
83021,55,698,2024
83022,86,717,2024
83023,85,818,2024
83024,65,527,2024
83025,69,724,2024
83026,83,595,2024
83027,91,404,2024
83028,57,431,2024
83029,55,363,2024
83030,117,499,2024
83031,104,513,2024
83032,87,644,2024
83033,72,627,2024
83034,86,550,2024
83035,97,601,2024
83036,46,412,2024
83037,29,393,2024
83038,82,393,2024
83039,64,497,2024
83040,46,262,2024
83041,56,758,2024
83042,51,307,2024
83043,62,483,2024
83044,82,821,2024
83045,38,425,2024
83046,131,672,2024
83047,78,612,2024
83048,84,714,2024
83049,57,329,2024
83050,91,357,2024
83051,64,272,2024
83052,67,392,2024
83053,32,408,2024
83054,85,576,2024
83055,0,0,2024
83056,0,0,2024
83057,0,0,2024
83058,47,260,2024
83059,4,72,2024
83060,0,2,2024
83061,35,204,2024
83062,31,210,2024
83063,18,280,2024
83064,14,71,2024
83065,15,62,2024
83066,11,128,2024
83067,9,103,2024
84001,219,485,2024
84002,66,153,2024
84003,221,388,2024
84004,215,447,2024
84005,186,430,2024
84006,225,433,2024
84007,173,327,2024
84008,180,491,2024
84009,87,308,2024
84010,168,420,2024
84011,156,412,2024
84012,140,379,2024
84013,95,313,2024
84014,79,320,2024
84015,45,102,2024
84016,29,161,2024
84017,187,699,2024
84018,163,416,2024
84019,88,322,2024
84020,129,436,2024
84021,87,290,2024
84022,140,415,2024
84023,82,196,2024
84024,95,211,2024
84025,205,460,2024
84026,111,313,2024
84027,33,94,2024
84028,193,483,2024
84029,169,548,2024
84030,126,348,2024
84031,149,421,2024
84032,131,378,2024
84033,69,221,2024
84034,147,431,2024
84035,142,378,2024
84036,106,412,2024
84037,99,384,2024
84038,163,326,2024
84039,118,253,2024
84040,78,230,2024
84041,149,385,2024
84042,89,339,2024
84043,108,405,2024
84044,90,318,2024
84045,118,368,2024
84046,114,363,2024
84047,105,246,2024
84048,105,424,2024
84049,64,211,2024
84050,109,256,2024
84051,94,462,2024
84052,22,66,2024
84053,20,79,2024
84054,55,171,2024
84055,166,478,2024
84056,58,162,2024
84057,79,245,2024
84058,147,356,2024
84059,12,31,2024
84060,28,53,2024
84061,45,173,2024
84062,0,0,2024
84063,0,0,2024
84064,49,130,2024
84065,69,163,2024
84066,37,161,2024
84067,28,233,2024
85001,199,794,2024
85002,203,518,2024
85003,186,379,2024
85004,199,430,2024
85005,187,613,2024
85006,123,332,2024
85007,99,291,2024
85008,73,187,2024
85009,215,471,2024
85010,91,310,2024
85011,105,360,2024
85012,96,317,2024
85013,121,393,2024
85014,96,441,2024
85015,114,757,2024
85016,101,452,2024
85017,124,374,2024
85018,10,9,2024
85019,129,393,2024
85020,108,413,2024
85021,152,504,2024
85022,188,510,2024
85023,96,250,2024
85024,79,179,2024
85025,101,382,2024
85026,94,285,2024
85027,78,225,2024
85028,177,577,2024
85029,176,454,2024
85030,116,275,2024
85031,108,343,2024
85032,103,277,2024
85033,78,236,2024
85034,107,357,2024
85035,170,434,2024
85036,186,467,2024
85037,119,331,2024
85038,1,0,2024
85039,186,509,2024
85040,117,303,2024
85041,183,468,2024
85042,113,329,2024
85043,135,411,2024
85044,148,338,2024
85045,156,307,2024
85046,125,487,2024
85047,91,188,2024
85048,95,231,2024
85049,124,223,2024
85050,149,354,2024
85051,66,894,2024
85052,156,799,2024
85053,59,524,2024
85054,123,355,2024
85055,0,0,2024
85056,0,0,2024
85057,0,0,2024
85058,0,0,2024
85059,0,0,2024
85060,0,0,2024
85061,0,0,2024
85062,0,0,2024
85063,0,0,2024
85064,0,0,2024
85065,0,0,2024
85066,0,0,2024
85067,0,0,2024
85068,0,0,2024
85069,0,0,2024
85070,0,0,2024
85071,0,0,2024
85072,0,0,2024
85073,0,0,2024
85074,0,0,2024
85075,0,0,2024
85076,0,0,2024
85077,0,0,2024
85078,0,0,2024
85079,0,0,2024
85080,0,0,2024
85081,0,0,2024
85082,0,0,2024
85083,0,0,2024
85084,10,43,2024
85085,9,12,2024
85086,6,1,2024
86001,158,346,2024
86002,178,436,2024
86003,17,49,2024
86004,158,347,2024
86005,195,335,2024
86006,176,315,2024
86007,217,452,2024
86008,182,316,2024
86009,246,501,2024
86010,115,340,2024
86011,141,287,2024
86012,183,399,2024
86013,269,376,2024
86014,160,296,2024
86015,106,269,2024
86016,200,421,2024
86017,108,297,2024
86018,201,365,2024
86019,171,323,2024
86020,137,313,2024
86021,197,326,2024
86022,141,300,2024
86023,133,310,2024
86024,183,263,2024
86025,191,228,2024
86026,203,347,2024
86027,139,272,2024
86028,121,274,2024
86029,130,260,2024
86030,215,366,2024
86031,145,424,2024
86032,110,350,2024
86033,233,430,2024
86034,184,304,2024
86035,56,191,2024
86036,101,284,2024
86037,136,393,2024
86038,147,405,2024
86039,96,218,2024
86040,23,42,2024
86041,157,380,2024
86042,15,40,2024
86043,151,386,2024
86044,37,92,2024
86045,43,65,2024
86046,122,215,2024
86047,143,322,2024
86048,122,269,2024
86049,145,445,2024
86050,197,407,2024
86051,194,342,2024
86052,241,401,2024
86053,130,281,2024
86054,0,0,2024
86055,0,0,2024
87001,32,127,2024
87002,161,375,2024
87003,204,422,2024
87004,91,227,2024
87005,60,170,2024
87006,178,510,2024
87007,148,462,2024
87008,54,146,2024
87009,166,486,2024
87010,131,315,2024
87011,187,403,2024
87012,119,392,2024
87013,127,342,2024
87014,150,516,2024
87015,114,577,2024
87016,134,534,2024
87017,92,478,2024
87018,108,635,2024
87019,130,622,2024
87020,101,504,2024
87021,118,516,2024
87022,147,530,2024
87023,153,631,2024
87024,175,584,2024
87025,177,524,2024
87026,170,477,2024
87027,174,430,2024
87028,218,453,2024
87029,147,399,2024
87030,212,428,2024
87031,261,441,2024
87032,243,448,2024
87033,4,1,2024
87034,78,145,2024
87035,112,335,2024
87036,34,44,2024
87037,8,34,2024
87038,211,376,2024
87039,245,365,2024
87040,160,411,2024
87041,204,297,2024
87042,201,532,2024
87043,159,342,2024
87044,176,363,2024
87045,211,471,2024
87046,112,500,2024
87047,216,478,2024
87048,198,487,2024
87049,127,566,2024
87050,102,342,2024
87051,123,397,2024
87052,65,341,2024
87053,142,489,2024
87054,122,593,2024
87055,179,466,2024
87056,3,5,2024
87057,0,0,2024
87058,0,0,2024
87059,0,0,2024
